id,email,age,cntlogins,lastlogin
u0001,p-s*******@open-mail.none,27,0,
u0002,val*******@hoster.none,37,0,
u0003,spa*******@web.none,76,0,
u0004,has*******@validmail.none,24,0,
u0005,ede*******@bestmail.none,65,0,
u0006,jan*******@private.none,70,0,
u0007,ank*******@bestmail.none,41,0,
u0008,jan*******@xyz.none,73,0,
u0009,mat*******@justmail.none,83,0,
u0010,bas*******@validmail.none,36,0,
u0011,vol*******@hoster.none,81,0,
u0012,got*******@domain.none,20,0,
u0013,mar*******@justmail.none,41,0,
u0014,hau*******@spam-mail.none,56,0,
u0015,ber*******@inter-mail.none,40,0,
u0016,sig*******@justmail.none,43,0,
u0017,i-r*******@goggle-mail.none,26,0,
u0018,a.t*******@bestmail.none,76,0,
u0019,v-1*******@xyz.none,44,0,
u0020,a-s*******@kitty.none,43,4,18.08.2022 22:00
u0022,gua*******@bestmail.none,71,7,09.11.2022 23:00
u0024,h_h*******@validmail.none,63,5,17.11.2022 23:00
u0025,v-p*******@company.none,44,4,18.12.2022 23:00
u0026,lai*******@quickmail.none,35,8,30.12.2022 23:00
u0027,aar*******@funmail.none,24,7,07.11.2022 23:00
u0028,h.d*******@retromail.none,42,2,27.12.2022 23:00
u0029,mar*******@open-mail.none,30,6,12.11.2022 23:00
u0030,f.7*******@retromail.none,46,3,23.07.2022 22:00
u0031,rub*******@mymail.none,60,4,18.09.2022 22:00
u0032,lal*******@xyz.none,45,5,08.09.2022 22:00
u0033,lau*******@net-mail.none,42,10,18.10.2022 22:00
u0034,t-7*******@domain.none,53,5,21.09.2022 22:00
u0035,c_1*******@net-mail.none,55,9,30.12.2022 23:00
u0036,was*******@justmail.none,38,7,20.11.2022 23:00
u0037,o.7*******@web.none,44,7,26.09.2022 22:00
u0038,g.r*******@spam-mail.none,34,8,04.12.2022 23:00
u0039,r.k*******@bestmail.none,33,9,26.09.2022 22:00
u0040,han*******@private.none,90,5,14.11.2022 23:00
u0041,elf*******@anymail.none,21,5,01.11.2022 23:00
u0042,i-1*******@quickmail.none,69,6,03.12.2022 23:00
u0043,tru*******@spam-mail.none,26,4,07.10.2022 22:00
u0045,hwe*******@anymail.none,78,1,21.09.2022 22:00
u0046,yav*******@web.none,58,4,03.09.2022 22:00
u0047,cha*******@inter-mail.none,79,3,03.10.2022 22:00
u0048,gun*******@ultramail.none,52,6,13.11.2022 23:00
u0049,d.b*******@mymail.none,28,6,22.10.2022 22:00
u0050,ahe*******@justmail.none,31,2,23.09.2022 22:00
u0051,ado*******@net-mail.none,84,3,20.08.2022 22:00
u0052,s_g*******@justmail.none,78,8,25.11.2022 23:00
u0053,ell*******@web.none,71,6,26.11.2022 23:00
u0054,ger*******@anymail.none,32,6,18.11.2022 23:00
u0055,deg*******@funmail.none,34,4,11.10.2022 22:00
u0056,gre*******@goggle-mail.none,59,9,16.11.2022 23:00
u0057,mau*******@mymail.none,21,4,19.12.2022 23:00
u0058,gol*******@retromail.none,49,1,12.08.2022 22:00
u0059,s-a*******@hoster.none,58,1,24.06.2022 22:00
u0060,che*******@funmail.none,87,8,10.09.2022 22:00
u0061,sve*******@inter-mail.none,43,6,25.12.2022 23:00
u0062,m_v*******@trashmail.none,40,3,20.06.2022 22:00
u0063,hei*******@retromail.none,61,9,18.11.2022 23:00
u0064,hei*******@quickmail.none,25,2,05.12.2022 23:00
u0065,m_b*******@funmail.none,65,7,16.12.2022 23:00
u0066,bor*******@domain.none,34,5,22.08.2022 22:00
u0067,rei*******@inter-mail.none,28,4,09.11.2022 23:00
u0068,hei*******@anymail.none,73,7,04.12.2022 23:00
u0069,ede*******@quickmail.none,76,4,21.07.2022 22:00
u0070,jan*******@justmail.none,19,5,30.12.2022 23:00
u0071,eng*******@anymail.none,78,4,02.12.2022 23:00
u0072,t.5*******@funmail.none,68,9,30.12.2022 23:00
u0073,k_1*******@justmail.none,36,8,24.12.2022 23:00
u0074,sri*******@domain.none,55,2,27.10.2022 22:00
u0075,pri*******@ultramail.none,26,4,14.09.2022 22:00
u0076,har*******@spam-mail.none,43,2,12.08.2022 22:00
u0077,irm*******@private.none,34,5,09.12.2022 23:00
u0078,kay*******@domain.none,38,5,27.10.2022 22:00
u0079,s-f*******@bestmail.none,69,4,11.10.2022 22:00
u0080,ang*******@xyz.none,91,5,24.07.2022 22:00
u0081,ril*******@net-mail.none,26,7,30.12.2022 23:00
u0082,dah*******@anymail.none,19,7,29.12.2022 23:00
u0083,cha*******@quickmail.none,28,1,13.03.2022 23:00
u0084,tin*******@validmail.none,52,3,20.11.2022 23:00
u0085,mat*******@live-mail.none,87,9,23.11.2022 23:00
u0086,g-v*******@hoster.none,66,3,07.09.2022 22:00
u0087,fki*******@kitty.none,41,2,04.12.2022 23:00
u0088,wie*******@validmail.none,63,8,29.11.2022 23:00
u0089,hil*******@funmail.none,51,9,28.12.2022 23:00
u0090,mel*******@net-mail.none,36,4,10.08.2022 22:00
u0091,h-k*******@kitty.none,90,4,12.09.2022 22:00
u0092,f-d*******@spam-mail.none,39,4,20.08.2022 22:00
u0093,mar*******@ultramail.none,91,6,27.10.2022 22:00
u0094,ils*******@email.none,23,4,31.08.2022 22:00
u0095,fre*******@justmail.none,41,5,19.09.2022 22:00
u0096,hai*******@quickmail.none,59,8,18.12.2022 23:00
u0097,ako*******@bestmail.none,63,4,10.09.2022 22:00
u0098,tje*******@retromail.none,26,5,30.10.2022 23:00
u0099,yan*******@web.none,35,5,18.11.2022 23:00
u0100,m-b*******@private.none,51,6,05.11.2022 23:00
u0101,edu*******@anymail.none,84,5,02.11.2022 23:00
u0102,ade*******@bestmail.none,82,4,24.09.2022 22:00
u0103,ade*******@xyz.none,62,6,30.12.2022 23:00
u0104,ric*******@mymail.none,50,3,23.11.2022 23:00
u0105,l-s*******@bestmail.none,84,4,08.11.2022 23:00
u0106,s.8*******@trashmail.none,36,9,13.11.2022 23:00
u0107,lea*******@domain.none,76,5,06.07.2022 22:00
u0108,mar*******@net-mail.none,53,8,30.10.2022 23:00
u0109,f_b*******@kitty.none,90,9,24.11.2022 23:00
u0110,rai*******@open-mail.none,26,7,02.08.2022 22:00
u0111,d33*******@company.none,90,5,08.11.2022 23:00
u0112,n.h*******@retromail.none,34,5,10.11.2022 23:00
u0113,tor*******@xyz.none,78,2,01.09.2022 22:00
u0114,l_s*******@private.none,86,5,23.11.2022 23:00
u0115,zro*******@open-mail.none,51,8,20.12.2022 23:00
u0116,arn*******@justmail.none,77,3,05.11.2022 23:00
u0117,sth*******@live-mail.none,55,11,29.12.2022 23:00
u0118,afr*******@bestmail.none,87,5,24.12.2022 23:00
u0119,ger*******@retromail.none,88,5,04.11.2022 23:00
u0120,sie*******@web.none,53,6,23.10.2022 22:00
u0121,wen*******@xyz.none,53,5,22.11.2022 23:00
u0122,u.3*******@company.none,88,11,25.11.2022 23:00
u0123,kab*******@xyz.none,81,7,23.12.2022 23:00
u0124,ben*******@goggle-mail.none,76,5,27.12.2022 23:00
u0125,t61*******@company.none,62,6,31.08.2022 22:00
u0126,urd*******@goggle-mail.none,41,5,17.12.2022 23:00
u0128,l-p*******@quickmail.none,30,8,25.12.2022 23:00
u0129,m19*******@private.none,31,4,26.08.2022 22:00
u0130,ana*******@live-mail.none,27,8,30.11.2022 23:00
u0131,d_5*******@hoster.none,72,2,13.08.2022 22:00
u0132,fri*******@live-mail.none,44,2,06.07.2022 22:00
u0133,win*******@mymail.none,20,9,16.12.2022 23:00
u0134,avi*******@xyz.none,50,7,21.12.2022 23:00
u0135,joe*******@trashmail.none,81,4,02.09.2022 22:00
u0136,ros*******@mymail.none,31,6,27.10.2022 22:00
u0137,e.8*******@domain.none,38,4,04.09.2022 22:00
u0138,rut*******@company.none,64,5,23.11.2022 23:00
u0139,cun*******@bestmail.none,49,1,18.07.2022 22:00
u0140,mza*******@live-mail.none,35,9,11.12.2022 23:00
u0141,t_1*******@net-mail.none,75,5,22.10.2022 22:00
u0142,y-p*******@validmail.none,35,7,19.12.2022 23:00
u0143,a_s*******@domain.none,23,3,30.07.2022 22:00
u0144,fri*******@ultramail.none,56,3,26.08.2022 22:00
u0145,r.9*******@kitty.none,30,6,17.12.2022 23:00
u0146,the*******@retromail.none,85,5,15.10.2022 22:00
u0147,wol*******@web.none,82,10,07.12.2022 23:00
u0148,w-2*******@goggle-mail.none,19,1,09.10.2022 22:00
u0149,mai*******@bestmail.none,75,7,19.12.2022 23:00
u0150,bau*******@hoster.none,74,4,21.12.2022 23:00
u0151,l.q*******@trashmail.none,65,5,25.12.2022 23:00
u0152,vex*******@domain.none,57,6,29.09.2022 22:00
u0153,p.s*******@email.none,27,5,31.08.2022 22:00
u0154,man*******@trashmail.none,90,4,11.12.2022 23:00
u0155,ada*******@open-mail.none,28,5,09.12.2022 23:00
u0156,l-p*******@live-mail.none,20,6,03.12.2022 23:00
u0157,ell*******@ultramail.none,70,5,27.08.2022 22:00
u0158,die*******@validmail.none,19,4,03.12.2022 23:00
u0159,d_h*******@inter-mail.none,92,4,29.09.2022 22:00
u0160,l.m*******@validmail.none,81,5,11.10.2022 22:00
u0161,a.k*******@trashmail.none,20,6,10.12.2022 23:00
u0162,l40*******@justmail.none,83,8,25.12.2022 23:00
u0163,h_9*******@email.none,30,4,29.10.2022 22:00
u0164,thi*******@web.none,29,6,17.11.2022 23:00
u0165,alb*******@private.none,33,7,25.12.2022 23:00
u0166,kun*******@inter-mail.none,68,6,29.12.2022 23:00
u0167,die*******@retromail.none,48,10,26.10.2022 22:00
u0168,bir*******@goggle-mail.none,60,4,30.09.2022 22:00
u0169,pan*******@email.none,83,6,26.12.2022 23:00
u0170,har*******@open-mail.none,92,8,01.12.2022 23:00
u0171,gab*******@kitty.none,23,6,14.10.2022 22:00
u0172,s-a*******@live-mail.none,20,4,22.11.2022 23:00
u0173,emm*******@kitty.none,56,5,05.11.2022 23:00
u0174,fir*******@justmail.none,70,5,22.12.2022 23:00
u0175,alp*******@xyz.none,23,6,21.11.2022 23:00
u0176,sti*******@open-mail.none,77,11,15.11.2022 23:00
u0177,hei*******@ultramail.none,69,8,31.07.2022 22:00
u0178,e.k*******@web.none,74,3,13.06.2022 22:00
u0179,l_s*******@net-mail.none,45,7,04.08.2022 22:00
u0180,f_d*******@inter-mail.none,89,10,17.12.2022 23:00
u0181,han*******@net-mail.none,61,4,19.10.2022 22:00
u0182,f-h*******@kitty.none,73,4,16.12.2022 23:00
u0183,ola*******@live-mail.none,48,10,25.10.2022 22:00
u0184,her*******@net-mail.none,42,6,16.12.2022 23:00
u0185,ulv*******@funmail.none,20,4,02.12.2022 23:00
u0187,ann*******@domain.none,71,7,30.12.2022 23:00
u0188,dar*******@email.none,35,2,15.08.2022 22:00
u0189,got*******@inter-mail.none,23,9,14.09.2022 22:00
u0190,ber*******@net-mail.none,74,6,18.09.2022 22:00
u0191,ing*******@live-mail.none,73,7,24.10.2022 22:00
u0192,kon*******@retromail.none,70,4,21.12.2022 23:00
u0193,lie*******@company.none,33,5,24.12.2022 23:00
u0194,reu*******@xyz.none,81,3,25.08.2022 22:00
u0195,kri*******@anymail.none,62,3,28.09.2022 22:00
u0196,w.2*******@email.none,21,7,22.12.2022 23:00
u0197,bhe*******@trashmail.none,87,8,21.12.2022 23:00
u0198,tjo*******@quickmail.none,32,1,11.05.2022 22:00
u0199,pie*******@spam-mail.none,43,5,23.05.2022 22:00
u0200,mir*******@company.none,34,4,21.12.2022 23:00
u0201,kay*******@net-mail.none,34,0,
u0202,asc*******@trashmail.none,60,4,25.12.2022 23:00
u0203,wal*******@private.none,35,4,14.08.2022 22:00
u0204,rud*******@trashmail.none,57,4,13.11.2022 23:00
u0205,are*******@kitty.none,46,7,14.12.2022 23:00
u0206,b_k*******@goggle-mail.none,57,4,05.09.2022 22:00
u0207,lbo*******@validmail.none,82,8,08.12.2022 23:00
u0208,gun*******@goggle-mail.none,90,9,21.11.2022 23:00
u0209,and*******@live-mail.none,49,9,29.12.2022 23:00
u0210,mia*******@domain.none,37,5,21.09.2022 22:00
u0211,pey*******@xyz.none,80,3,25.05.2022 22:00
u0212,l_c*******@validmail.none,86,5,01.10.2022 22:00
u0213,lea*******@quickmail.none,90,5,12.06.2022 22:00
u0214,b-a*******@web.none,51,7,23.12.2022 23:00
u0215,n19*******@company.none,65,6,09.12.2022 23:00
u0216,w.7*******@email.none,53,10,05.12.2022 23:00
u0217,c_m*******@funmail.none,21,7,22.11.2022 23:00
u0218,raf*******@open-mail.none,54,6,07.12.2022 23:00
u0219,b.s*******@quickmail.none,60,8,03.12.2022 23:00
u0220,ved*******@inter-mail.none,70,9,11.12.2022 23:00
u0221,fri*******@ultramail.none,88,6,05.10.2022 22:00
u0222,jev*******@domain.none,59,2,06.08.2022 22:00
u0223,val*******@net-mail.none,87,4,01.08.2022 22:00
u0224,min*******@bestmail.none,47,6,24.11.2022 23:00
u0225,ebe*******@goggle-mail.none,24,11,29.12.2022 23:00
u0226,mut*******@domain.none,80,4,31.10.2022 23:00
u0227,rot*******@private.none,23,1,04.05.2022 22:00
u0228,hie*******@retromail.none,79,7,30.09.2022 22:00
u0229,fra*******@quickmail.none,50,3,21.08.2022 22:00
u0230,her*******@validmail.none,64,7,13.11.2022 23:00
u0231,kri*******@hoster.none,38,5,12.10.2022 22:00
u0232,i.s*******@quickmail.none,41,5,11.09.2022 22:00
u0233,ann*******@ultramail.none,29,6,28.08.2022 22:00
u0234,kia*******@mymail.none,84,1,10.07.2022 22:00
u0235,ali*******@spam-mail.none,56,6,25.10.2022 22:00
u0236,dor*******@funmail.none,57,8,20.12.2022 23:00
u0237,z-e*******@funmail.none,77,6,14.12.2022 23:00
u0238,gis*******@live-mail.none,64,3,25.11.2022 23:00
u0239,i39*******@domain.none,84,5,14.12.2022 23:00
u0241,gmi*******@bestmail.none,25,5,19.11.2022 23:00
u0242,v62*******@ultramail.none,61,4,25.12.2022 23:00
u0243,han*******@mymail.none,93,4,02.11.2022 23:00
u0244,isb*******@funmail.none,51,5,15.11.2022 23:00
u0245,l_r*******@mymail.none,34,5,27.12.2022 23:00
u0246,mar*******@kitty.none,77,7,31.10.2022 23:00
u0247,kai*******@domain.none,20,6,22.12.2022 23:00
u0248,men*******@bestmail.none,86,3,30.11.2022 23:00
u0249,cer*******@spam-mail.none,52,4,06.12.2022 23:00
u0250,ber*******@quickmail.none,49,5,27.11.2022 23:00
u0252,ott*******@anymail.none,78,8,15.11.2022 23:00
u0253,u-t*******@spam-mail.none,29,6,24.12.2022 23:00
u0254,del*******@validmail.none,65,3,10.12.2022 23:00
u0255,t_3*******@domain.none,87,6,13.09.2022 22:00
u0256,tin*******@validmail.none,26,4,18.09.2022 22:00
u0257,wul*******@trashmail.none,51,3,24.07.2022 22:00
u0258,msc*******@validmail.none,54,7,30.06.2022 22:00
u0259,ili*******@open-mail.none,30,4,27.12.2022 23:00
u0260,e.k*******@quickmail.none,25,3,28.08.2022 22:00
u0261,sol*******@kitty.none,82,6,04.10.2022 22:00
u0262,adi*******@anymail.none,38,5,09.11.2022 23:00
u0263,eme*******@quickmail.none,63,7,02.11.2022 23:00
u0264,b.k*******@anymail.none,91,4,30.11.2022 23:00
u0265,may*******@justmail.none,91,5,18.12.2022 23:00
u0266,fal*******@mymail.none,54,5,26.09.2022 22:00
u0267,i.l*******@goggle-mail.none,46,3,01.05.2022 22:00
u0268,l-b*******@private.none,31,8,23.12.2022 23:00
u0269,b-1*******@trashmail.none,44,6,20.12.2022 23:00
u0270,eun*******@spam-mail.none,24,4,03.12.2022 23:00
u0271,oen*******@validmail.none,89,5,16.12.2022 23:00
u0272,han*******@goggle-mail.none,76,9,16.12.2022 23:00
u0273,bea*******@live-mail.none,73,4,18.12.2022 23:00
u0274,emm*******@company.none,46,8,22.12.2022 23:00
u0275,gus*******@xyz.none,92,4,30.10.2022 23:00
u0276,kos*******@net-mail.none,38,8,19.11.2022 23:00
u0277,tim*******@spam-mail.none,52,5,27.10.2022 22:00
u0278,fra*******@quickmail.none,48,10,30.11.2022 23:00
u0279,d38*******@spam-mail.none,85,8,26.11.2022 23:00
u0280,ggi*******@goggle-mail.none,82,7,15.11.2022 23:00
u0281,v-r*******@email.none,19,6,23.11.2022 23:00
u0282,ber*******@xyz.none,44,7,17.09.2022 22:00
u0283,v-e*******@justmail.none,32,4,22.12.2022 23:00
u0284,gun*******@retromail.none,87,6,18.12.2022 23:00
u0285,ros*******@goggle-mail.none,60,8,04.09.2022 22:00
u0286,arl*******@validmail.none,86,3,03.12.2022 23:00
u0287,d-g*******@live-mail.none,87,5,21.12.2022 23:00
u0288,gus*******@hoster.none,90,3,20.03.2022 23:00
u0289,mar*******@mymail.none,24,3,20.09.2022 22:00
u0290,and*******@justmail.none,19,6,04.11.2022 23:00
u0291,asp*******@net-mail.none,32,2,13.11.2022 23:00
u0292,nik*******@private.none,41,6,28.11.2022 23:00
u0293,ise*******@trashmail.none,49,6,05.11.2022 23:00
u0294,cla*******@funmail.none,21,4,27.07.2022 22:00
u0295,ber*******@domain.none,80,6,27.10.2022 22:00
u0296,h_f*******@retromail.none,88,4,05.11.2022 23:00
u0297,kar*******@open-mail.none,43,5,04.09.2022 22:00
u0298,h_s*******@live-mail.none,74,7,16.11.2022 23:00
u0299,har*******@web.none,47,5,08.12.2022 23:00
u0300,w-k*******@inter-mail.none,61,3,05.11.2022 23:00
u0301,bol*******@domain.none,20,6,24.12.2022 23:00
u0302,sti*******@kitty.none,67,8,04.10.2022 22:00
u0303,a.q*******@email.none,59,3,21.10.2022 22:00
u0304,ryo*******@kitty.none,22,5,11.06.2022 22:00
u0305,kat*******@justmail.none,89,9,27.12.2022 23:00
u0306,otm*******@net-mail.none,91,7,24.12.2022 23:00
u0307,hil*******@ultramail.none,76,4,16.10.2022 22:00
u0308,g-b*******@hoster.none,78,2,18.10.2022 22:00
u0309,leo*******@goggle-mail.none,37,7,02.11.2022 23:00
u0310,ako*******@domain.none,47,4,26.12.2022 23:00
u0311,tor*******@xyz.none,48,5,29.11.2022 23:00
u0312,aru*******@mymail.none,50,5,09.09.2022 22:00
u0313,t_k*******@inter-mail.none,27,6,27.12.2022 23:00
u0314,sou*******@inter-mail.none,81,5,18.11.2022 23:00
u0315,r_a*******@quickmail.none,44,8,06.12.2022 23:00
u0316,bab*******@funmail.none,64,8,11.12.2022 23:00
u0317,c_b*******@ultramail.none,44,8,10.07.2022 22:00
u0318,n.r*******@trashmail.none,87,4,26.12.2022 23:00
u0319,jau*******@net-mail.none,73,6,23.09.2022 22:00
u0320,gol*******@company.none,89,5,28.11.2022 23:00
u0321,a-w*******@live-mail.none,53,4,20.09.2022 22:00
u0322,dan*******@email.none,81,6,04.12.2022 23:00
u0324,aha*******@live-mail.none,62,2,25.09.2022 22:00
u0325,jos*******@justmail.none,19,1,07.10.2022 22:00
u0326,bon*******@funmail.none,23,6,19.11.2022 23:00
u0327,i-m*******@xyz.none,80,7,24.11.2022 23:00
u0328,jak*******@hoster.none,50,6,20.09.2022 22:00
u0329,rol*******@net-mail.none,46,5,23.10.2022 22:00
u0330,irm*******@inter-mail.none,24,4,17.09.2022 22:00
u0331,ber*******@inter-mail.none,81,3,29.12.2022 23:00
u0332,sie*******@private.none,77,5,11.11.2022 23:00
u0333,ros*******@validmail.none,34,3,19.10.2022 22:00
u0334,mai*******@inter-mail.none,37,5,18.10.2022 22:00
u0335,dal*******@net-mail.none,37,7,27.12.2022 23:00
u0336,r.r*******@company.none,78,4,16.12.2022 23:00
u0337,jma*******@mymail.none,82,8,26.12.2022 23:00
u0338,sab*******@hoster.none,67,4,29.09.2022 22:00
u0339,h-5*******@web.none,64,3,30.11.2022 23:00
u0340,nic*******@private.none,90,3,14.11.2022 23:00
u0341,j_i*******@hoster.none,61,6,25.12.2022 23:00
u0342,ako*******@trashmail.none,48,5,08.11.2022 23:00
u0343,f-h*******@hoster.none,27,5,14.10.2022 22:00
u0344,jan*******@spam-mail.none,93,4,22.10.2022 22:00
u0345,v.b*******@kitty.none,24,2,24.06.2022 22:00
u0346,ela*******@company.none,19,9,28.12.2022 23:00
u0347,ekk*******@mymail.none,81,7,07.12.2022 23:00
u0348,f.l*******@validmail.none,72,5,06.10.2022 22:00
u0349,til*******@validmail.none,47,1,17.05.2022 22:00
u0350,ism*******@hoster.none,23,12,16.12.2022 23:00
u0351,yor*******@mymail.none,91,3,09.07.2022 22:00
u0352,eng*******@inter-mail.none,83,8,16.11.2022 23:00
u0353,hgi*******@email.none,35,4,24.11.2022 23:00
u0354,fra*******@kitty.none,84,7,10.09.2022 22:00
u0355,sch*******@open-mail.none,66,6,15.11.2022 23:00
u0356,kar*******@xyz.none,55,5,11.10.2022 22:00
u0357,hzi*******@justmail.none,42,6,21.12.2022 23:00
u0358,tra*******@ultramail.none,74,8,20.11.2022 23:00
u0359,gon*******@retromail.none,80,5,08.12.2022 23:00
u0360,har*******@spam-mail.none,59,7,21.11.2022 23:00
u0361,f20*******@company.none,19,4,03.10.2022 22:00
u0362,vik*******@company.none,45,5,27.12.2022 23:00
u0363,sey*******@quickmail.none,57,8,12.11.2022 23:00
u0364,hir*******@ultramail.none,88,4,06.12.2022 23:00
u0365,k80*******@retromail.none,43,9,20.12.2022 23:00
u0367,k80*******@open-mail.none,43,4,15.11.2022 23:00
u0368,art*******@mymail.none,43,4,26.10.2022 22:00
u0369,b_r*******@kitty.none,23,5,12.11.2022 23:00
u0370,kar*******@web.none,62,7,28.12.2022 23:00
u0371,b.2*******@kitty.none,21,3,08.07.2022 22:00
u0372,eul*******@inter-mail.none,37,1,18.03.2022 23:00
u0373,soc*******@anymail.none,58,4,13.02.2022 23:00
u0374,pau*******@hoster.none,87,5,19.11.2022 23:00
u0375,hil*******@kitty.none,40,3,21.06.2022 22:00
u0376,i.v*******@validmail.none,81,8,21.12.2022 23:00
u0377,sig*******@ultramail.none,52,7,27.12.2022 23:00
u0378,k.e*******@quickmail.none,62,9,15.12.2022 23:00
u0379,bru*******@private.none,54,6,22.12.2022 23:00
u0380,e76*******@ultramail.none,47,2,05.11.2022 23:00
u0381,tri*******@justmail.none,88,8,18.07.2022 22:00
u0382,kia*******@retromail.none,41,8,10.07.2022 22:00
u0383,jes*******@mymail.none,68,4,09.12.2022 23:00
u0385,har*******@quickmail.none,27,4,30.11.2022 23:00
u0386,die*******@inter-mail.none,87,4,14.12.2022 23:00
u0387,val*******@retromail.none,75,5,18.11.2022 23:00
u0388,ced*******@quickmail.none,84,4,02.09.2022 22:00
u0389,t.g*******@trashmail.none,74,7,15.12.2022 23:00
u0390,kto*******@spam-mail.none,40,3,14.09.2022 22:00
u0391,ver*******@quickmail.none,24,8,03.12.2022 23:00
u0392,got*******@company.none,50,7,29.12.2022 23:00
u0393,eli*******@net-mail.none,81,7,15.12.2022 23:00
u0394,q_e*******@xyz.none,23,3,27.07.2022 22:00
u0395,g.1*******@validmail.none,34,5,04.08.2022 22:00
u0396,fio*******@net-mail.none,34,6,06.11.2022 23:00
u0397,teo*******@domain.none,38,6,27.08.2022 22:00
u0398,a.k*******@bestmail.none,22,7,20.12.2022 23:00
u0399,sin*******@web.none,53,5,29.11.2022 23:00
u0400,d19*******@net-mail.none,43,5,29.10.2022 22:00
u0401,iri*******@mymail.none,82,10,24.12.2022 23:00
u0402,fra*******@live-mail.none,68,2,16.07.2022 22:00
u0403,har*******@kitty.none,84,6,14.12.2022 23:00
u0404,r-g*******@bestmail.none,88,4,11.12.2022 23:00
u0405,p.h*******@live-mail.none,85,2,21.11.2022 23:00
u0406,bru*******@xyz.none,60,5,07.12.2022 23:00
u0407,vol*******@validmail.none,78,6,07.11.2022 23:00
u0408,pau*******@retromail.none,45,5,15.11.2022 23:00
u0409,rei*******@kitty.none,71,7,05.11.2022 23:00
u0410,ghe*******@ultramail.none,40,4,21.10.2022 22:00
u0411,s_7*******@kitty.none,52,4,06.11.2022 23:00
u0412,myr*******@live-mail.none,61,4,29.07.2022 22:00
u0413,esc*******@hoster.none,90,4,03.11.2022 23:00
u0414,que*******@quickmail.none,73,0,
u0415,jas*******@domain.none,44,11,26.12.2022 23:00
u0416,har*******@open-mail.none,54,2,07.08.2022 22:00
u0417,ade*******@open-mail.none,77,8,30.12.2022 23:00
u0418,ade*******@goggle-mail.none,44,1,05.10.2022 22:00
u0419,sar*******@goggle-mail.none,40,3,29.11.2022 23:00
u0420,n_b*******@xyz.none,76,9,27.12.2022 23:00
u0421,ann*******@bestmail.none,73,8,08.09.2022 22:00
u0422,ede*******@inter-mail.none,58,7,15.12.2022 23:00
u0423,rue*******@spam-mail.none,37,4,12.05.2022 22:00
u0424,jan*******@mymail.none,20,2,22.10.2022 22:00
u0425,wil*******@inter-mail.none,53,9,19.11.2022 23:00
u0426,wil*******@justmail.none,61,3,07.12.2022 23:00
u0427,gud*******@goggle-mail.none,56,3,12.12.2022 23:00
u0428,wol*******@validmail.none,41,2,17.12.2022 23:00
u0429,h.s*******@funmail.none,56,5,13.10.2022 22:00
u0430,kat*******@web.none,31,7,09.12.2022 23:00
u0431,vad*******@funmail.none,42,5,28.12.2022 23:00
u0432,led*******@xyz.none,76,4,09.12.2022 23:00
u0433,h.1*******@funmail.none,86,11,11.12.2022 23:00
u0434,mag*******@net-mail.none,19,4,09.12.2022 23:00
u0435,git*******@goggle-mail.none,45,8,26.12.2022 23:00
u0436,a84*******@retromail.none,39,4,26.07.2022 22:00
u0437,ann*******@trashmail.none,79,6,27.11.2022 23:00
u0438,j_f*******@email.none,80,2,08.03.2022 23:00
u0439,ebe*******@retromail.none,47,3,31.10.2022 23:00
u0440,kar*******@domain.none,61,5,20.10.2022 22:00
u0441,jen*******@company.none,74,3,14.12.2022 23:00
u0442,har*******@funmail.none,20,3,03.11.2022 23:00
u0443,chr*******@domain.none,25,2,05.11.2022 23:00
u0444,eva*******@anymail.none,19,2,10.10.2022 22:00
u0445,nep*******@bestmail.none,20,10,05.12.2022 23:00
u0446,bel*******@funmail.none,47,5,27.12.2022 23:00
u0447,n.v*******@xyz.none,51,2,05.10.2022 22:00
u0448,mar*******@kitty.none,75,3,14.12.2022 23:00
u0449,kae*******@net-mail.none,65,6,30.10.2022 23:00
u0450,p.s*******@validmail.none,65,7,10.10.2022 22:00
u0451,fin*******@goggle-mail.none,75,3,01.11.2022 23:00
u0452,gab*******@trashmail.none,40,6,24.12.2022 23:00
u0453,ajk*******@mymail.none,27,2,15.07.2022 22:00
u0454,bru*******@domain.none,34,2,27.08.2022 22:00
u0455,vre*******@domain.none,42,5,10.12.2022 23:00
u0456,the*******@bestmail.none,91,6,23.11.2022 23:00
u0457,mac*******@validmail.none,43,4,19.09.2022 22:00
u0458,s-b*******@net-mail.none,29,7,27.09.2022 22:00
u0459,flo*******@spam-mail.none,42,10,16.10.2022 22:00
u0460,irm*******@live-mail.none,23,8,24.11.2022 23:00
u0461,don*******@spam-mail.none,57,11,25.11.2022 23:00
u0462,tim*******@bestmail.none,82,5,23.10.2022 22:00
u0463,bud*******@domain.none,83,5,11.12.2022 23:00
u0464,m_1*******@goggle-mail.none,57,5,02.10.2022 22:00
u0465,kir*******@open-mail.none,64,9,04.12.2022 23:00
u0466,mar*******@net-mail.none,92,5,05.10.2022 22:00
u0467,cae*******@domain.none,78,8,20.09.2022 22:00
u0468,uro*******@company.none,44,5,17.12.2022 23:00
u0469,diq*******@hoster.none,61,10,17.11.2022 23:00
u0470,kat*******@funmail.none,73,8,15.12.2022 23:00
u0471,n-1*******@quickmail.none,50,6,30.11.2022 23:00
u0472,ilj*******@quickmail.none,59,9,19.12.2022 23:00
u0473,l.1*******@retromail.none,54,4,29.09.2022 22:00
u0474,m.4*******@bestmail.none,82,9,15.12.2022 23:00
u0475,kar*******@hoster.none,46,4,02.10.2022 22:00
u0476,ren*******@web.none,26,6,06.12.2022 23:00
u0477,a.t*******@bestmail.none,79,1,17.09.2022 22:00
u0478,nor*******@hoster.none,20,6,18.08.2022 22:00
u0479,han*******@open-mail.none,88,6,26.10.2022 22:00
u0481,uek*******@mymail.none,25,3,23.08.2022 22:00
u0482,ane*******@hoster.none,19,6,15.10.2022 22:00
u0483,ern*******@kitty.none,19,6,03.11.2022 23:00
u0484,f-1*******@bestmail.none,37,5,08.11.2022 23:00
u0485,mic*******@open-mail.none,66,5,05.12.2022 23:00
u0486,e-w*******@xyz.none,86,7,27.12.2022 23:00
u0487,h.g*******@web.none,42,7,03.12.2022 23:00
u0488,sid*******@anymail.none,71,4,01.10.2022 22:00
u0489,aty*******@kitty.none,27,2,13.09.2022 22:00
u0490,sha*******@retromail.none,73,4,16.12.2022 23:00
u0491,h_d*******@trashmail.none,81,5,08.11.2022 23:00
u0492,m_m*******@bestmail.none,52,2,12.08.2022 22:00
u0493,hor*******@email.none,91,7,10.12.2022 23:00
u0494,nei*******@quickmail.none,50,6,28.10.2022 22:00
u0495,l_4*******@private.none,77,3,20.10.2022 22:00
u0496,a_h*******@live-mail.none,48,4,04.10.2022 22:00
u0497,wil*******@spam-mail.none,36,8,03.12.2022 23:00
u0498,dan*******@goggle-mail.none,31,4,18.11.2022 23:00
u0499,lie*******@open-mail.none,19,4,24.12.2022 23:00
u0500,sas*******@company.none,49,1,27.08.2022 22:00
u0501,m.o*******@anymail.none,70,5,08.07.2022 22:00
u0502,ern*******@ultramail.none,64,5,17.12.2022 23:00
u0503,sto*******@funmail.none,68,10,23.12.2022 23:00
u0505,maj*******@email.none,59,2,22.07.2022 22:00
u0506,jos*******@domain.none,65,8,02.08.2022 22:00
u0507,nun*******@goggle-mail.none,25,4,20.09.2022 22:00
u0508,rut*******@mymail.none,56,4,23.10.2022 22:00
u0509,y.5*******@mymail.none,72,3,13.11.2022 23:00
u0510,g.t*******@ultramail.none,47,5,31.08.2022 22:00
u0511,pan*******@net-mail.none,43,2,23.12.2022 23:00
u0512,k_a*******@email.none,25,9,25.12.2022 23:00
u0513,egr*******@hoster.none,78,2,17.08.2022 22:00
u0514,gun*******@domain.none,89,6,28.10.2022 22:00
u0515,tim*******@private.none,75,3,22.10.2022 22:00
u0516,fri*******@justmail.none,33,4,24.10.2022 22:00
u0517,zil*******@spam-mail.none,51,3,19.07.2022 22:00
u0518,mei*******@xyz.none,87,8,04.12.2022 23:00
u0520,wil*******@open-mail.none,31,3,09.10.2022 22:00
u0521,win*******@hoster.none,65,4,29.08.2022 22:00
u0522,ros*******@validmail.none,63,2,25.08.2022 22:00
u0523,der*******@trashmail.none,78,7,11.11.2022 23:00
u0524,ann*******@spam-mail.none,54,6,31.10.2022 23:00
u0525,rei*******@kitty.none,53,2,21.06.2022 22:00
u0526,rcr*******@goggle-mail.none,41,5,07.12.2022 23:00
u0527,die*******@validmail.none,80,6,30.12.2022 23:00
u0528,msa*******@funmail.none,42,5,27.12.2022 23:00
u0529,kla*******@xyz.none,49,6,18.11.2022 23:00
u0530,j_b*******@bestmail.none,87,6,13.09.2022 22:00
u0531,has*******@email.none,47,7,11.12.2022 23:00
u0532,kat*******@private.none,91,5,30.08.2022 22:00
u0533,s_m*******@open-mail.none,52,6,17.12.2022 23:00
u0534,hei*******@kitty.none,40,3,30.06.2022 22:00
u0535,han*******@xyz.none,53,6,19.10.2022 22:00
u0537,gun*******@open-mail.none,79,0,
u0538,had*******@anymail.none,30,10,12.12.2022 23:00
u0539,wen*******@bestmail.none,38,6,25.11.2022 23:00
u0540,n.h*******@ultramail.none,38,4,05.07.2022 22:00
u0541,w_s*******@validmail.none,27,9,03.12.2022 23:00
u0542,max*******@spam-mail.none,52,6,07.08.2022 22:00
u0543,ulv*******@spam-mail.none,86,7,10.10.2022 22:00
u0544,loc*******@anymail.none,22,6,03.10.2022 22:00
u0545,o20*******@anymail.none,23,4,17.11.2022 23:00
u0546,mat*******@xyz.none,67,5,06.12.2022 23:00
u0547,w.b*******@bestmail.none,25,4,15.08.2022 22:00
u0548,ali*******@net-mail.none,48,3,11.11.2022 23:00
u0549,sil*******@email.none,53,7,21.08.2022 22:00
u0551,s-h*******@open-mail.none,20,6,14.12.2022 23:00
u0552,e.1*******@email.none,62,5,07.12.2022 23:00
u0553,die*******@justmail.none,74,6,20.11.2022 23:00
u0554,hha*******@quickmail.none,32,3,16.11.2022 23:00
u0555,aer*******@mymail.none,68,7,19.12.2022 23:00
u0556,a_f*******@validmail.none,25,5,20.10.2022 22:00
u0557,ant*******@domain.none,39,7,03.11.2022 23:00
u0558,agi*******@inter-mail.none,52,10,05.12.2022 23:00
u0559,obr*******@live-mail.none,34,2,24.08.2022 22:00
u0560,k.k*******@email.none,36,4,06.08.2022 22:00
u0561,har*******@company.none,64,3,16.10.2022 22:00
u0562,mag*******@justmail.none,28,10,30.12.2022 23:00
u0563,a_d*******@trashmail.none,29,6,26.12.2022 23:00
u0564,iso*******@web.none,20,7,05.12.2022 23:00
u0565,sig*******@company.none,27,4,26.08.2022 22:00
u0566,olr*******@private.none,48,3,01.07.2022 22:00
u0567,m_e*******@hoster.none,64,4,30.12.2022 23:00
u0568,amo*******@anymail.none,35,10,09.12.2022 23:00
u0569,edw*******@funmail.none,48,10,15.10.2022 22:00
u0570,ari*******@hoster.none,86,4,30.11.2022 23:00
u0571,adu*******@spam-mail.none,84,3,10.10.2022 22:00
u0572,h.w*******@inter-mail.none,65,3,29.11.2022 23:00
u0573,tet*******@justmail.none,51,2,08.11.2022 23:00
u0574,wie*******@bestmail.none,84,4,31.07.2022 22:00
u0575,hel*******@retromail.none,46,5,29.12.2022 23:00
u0576,lau*******@kitty.none,81,4,28.10.2022 22:00
u0577,mii*******@domain.none,32,10,15.10.2022 22:00
u0578,h-1*******@live-mail.none,49,3,09.10.2022 22:00
u0579,g_p*******@hoster.none,38,6,21.11.2022 23:00
u0580,vol*******@spam-mail.none,56,4,03.09.2022 22:00
u0581,don*******@open-mail.none,43,4,13.09.2022 22:00
u0582,eve*******@web.none,34,3,09.10.2022 22:00
u0583,eap*******@retromail.none,50,3,03.10.2022 22:00
u0584,j_7*******@trashmail.none,48,4,11.07.2022 22:00
u0585,v-l*******@hoster.none,62,5,20.11.2022 23:00
u0586,lia*******@retromail.none,36,7,28.09.2022 22:00
u0587,joa*******@validmail.none,25,6,20.12.2022 23:00
u0588,mec*******@xyz.none,78,6,02.12.2022 23:00
u0589,din*******@domain.none,37,7,19.12.2022 23:00
u0590,o-z*******@xyz.none,70,7,28.12.2022 23:00
u0591,h-f*******@company.none,52,8,11.12.2022 23:00
u0592,ale*******@retromail.none,22,6,30.09.2022 22:00
u0593,s-5*******@company.none,69,3,24.12.2022 23:00
u0594,tei*******@live-mail.none,22,4,10.06.2022 22:00
u0595,oth*******@company.none,32,9,25.12.2022 23:00
u0596,job*******@bestmail.none,55,5,10.08.2022 22:00
u0597,sig*******@open-mail.none,77,8,25.12.2022 23:00
u0598,die*******@retromail.none,74,5,26.09.2022 22:00
u0599,man*******@funmail.none,34,6,28.10.2022 22:00
u0600,bru*******@email.none,49,5,16.12.2022 23:00
u0601,gus*******@domain.none,53,5,27.06.2022 22:00
u0602,jam*******@retromail.none,45,5,28.11.2022 23:00
u0603,mah*******@email.none,86,7,22.11.2022 23:00
u0604,m.1*******@funmail.none,74,3,18.12.2022 23:00
u0605,s.8*******@quickmail.none,39,5,11.09.2022 22:00
u0606,hha*******@live-mail.none,54,7,19.11.2022 23:00
u0607,osw*******@email.none,68,7,02.10.2022 22:00
u0608,tra*******@private.none,50,9,20.12.2022 23:00
u0609,mar*******@web.none,86,4,26.12.2022 23:00
u0610,h-b*******@spam-mail.none,88,6,02.12.2022 23:00
u0611,mar*******@bestmail.none,23,6,17.11.2022 23:00
u0612,a-1*******@company.none,66,1,03.07.2022 22:00
u0613,reg*******@quickmail.none,51,2,28.12.2022 23:00
u0614,sig*******@ultramail.none,74,3,03.09.2022 22:00
u0615,isi*******@live-mail.none,44,5,10.09.2022 22:00
u0616,syl*******@funmail.none,74,10,03.11.2022 23:00
u0617,cla*******@net-mail.none,42,4,17.11.2022 23:00
u0618,wal*******@mymail.none,19,5,27.12.2022 23:00
u0619,m_j*******@funmail.none,78,6,11.09.2022 22:00
u0620,s_5*******@justmail.none,71,4,17.09.2022 22:00
u0621,nat*******@open-mail.none,60,5,04.11.2022 23:00
u0622,h66*******@kitty.none,57,7,18.12.2022 23:00
u0623,ils*******@ultramail.none,56,5,17.11.2022 23:00
u0624,irm*******@inter-mail.none,60,3,09.12.2022 23:00
u0625,a.l*******@domain.none,36,6,15.11.2022 23:00
u0626,mar*******@goggle-mail.none,86,4,30.10.2022 23:00
u0627,mar*******@email.none,65,8,07.12.2022 23:00
u0628,c_1*******@web.none,55,2,01.11.2022 23:00
u0629,zyt*******@validmail.none,68,5,19.09.2022 22:00
u0630,r.b*******@anymail.none,64,7,17.12.2022 23:00
u0631,nik*******@net-mail.none,47,6,05.11.2022 23:00
u0632,aka*******@hoster.none,26,5,29.11.2022 23:00
u0633,l.s*******@validmail.none,43,10,27.12.2022 23:00
u0634,caz*******@web.none,57,4,14.12.2022 23:00
u0635,ali*******@mymail.none,50,1,12.08.2022 22:00
u0636,h_w*******@trashmail.none,27,5,04.10.2022 22:00
u0637,nka*******@kitty.none,47,1,06.02.2022 23:00
u0638,hil*******@justmail.none,35,3,04.10.2022 22:00
u0639,mak*******@mymail.none,82,4,21.10.2022 22:00
u0640,uku*******@goggle-mail.none,21,5,15.08.2022 22:00
u0641,pal*******@spam-mail.none,65,4,12.09.2022 22:00
u0642,v.r*******@inter-mail.none,32,10,18.12.2022 23:00
u0643,ive*******@net-mail.none,66,5,04.12.2022 23:00
u0644,lai*******@validmail.none,81,7,10.11.2022 23:00
u0645,wit*******@email.none,19,4,30.11.2022 23:00
u0646,pet*******@company.none,56,7,30.12.2022 23:00
u0647,man*******@open-mail.none,38,9,20.11.2022 23:00
u0648,vas*******@web.none,82,4,26.11.2022 23:00
u0649,moh*******@retromail.none,84,4,26.12.2022 23:00
u0650,jos*******@funmail.none,36,8,08.10.2022 22:00
u0651,jol*******@mymail.none,77,4,06.12.2022 23:00
u0652,kim*******@hoster.none,90,5,23.08.2022 22:00
u0653,anj*******@quickmail.none,30,4,22.09.2022 22:00
u0654,to.*******@bestmail.none,77,6,07.12.2022 23:00
u0655,c19*******@justmail.none,91,9,27.12.2022 23:00
u0656,irm*******@funmail.none,85,3,30.10.2022 23:00
u0657,l.9*******@hoster.none,33,6,07.10.2022 22:00
u0658,l_s*******@net-mail.none,51,8,06.11.2022 23:00
u0659,and*******@xyz.none,51,3,22.08.2022 22:00
u0660,asc*******@bestmail.none,44,3,05.08.2022 22:00
u0661,ehr*******@validmail.none,34,2,19.06.2022 22:00
u0662,aga*******@spam-mail.none,70,6,27.06.2022 22:00
u0663,lli*******@mymail.none,34,5,01.09.2022 22:00
u0664,dan*******@ultramail.none,90,5,01.12.2022 23:00
u0665,mic*******@bestmail.none,59,7,24.09.2022 22:00
u0666,hsc*******@bestmail.none,57,6,21.11.2022 23:00
u0667,boi*******@retromail.none,69,3,14.12.2022 23:00
u0668,qvo*******@open-mail.none,58,7,11.12.2022 23:00
u0669,g.a*******@goggle-mail.none,56,1,28.04.2022 22:00
u0670,wen*******@live-mail.none,34,5,15.12.2022 23:00
u0671,erh*******@private.none,32,4,20.05.2022 22:00
u0672,m.r*******@bestmail.none,93,9,12.11.2022 23:00
u0673,mar*******@justmail.none,41,7,16.12.2022 23:00
u0674,pir*******@xyz.none,27,3,26.10.2022 22:00
u0675,bae*******@ultramail.none,82,5,27.08.2022 22:00
u0676,iri*******@anymail.none,30,7,16.08.2022 22:00
u0677,sli*******@justmail.none,19,4,05.09.2022 22:00
u0678,isg*******@kitty.none,61,8,29.12.2022 23:00
u0679,nei*******@open-mail.none,48,6,02.12.2022 23:00
u0680,axe*******@funmail.none,58,2,06.07.2022 22:00
u0681,ils*******@web.none,53,5,29.12.2022 23:00
u0682,v-6*******@justmail.none,62,7,12.12.2022 23:00
u0683,cae*******@trashmail.none,67,7,12.12.2022 23:00
u0684,raj*******@email.none,66,6,29.10.2022 22:00
u0685,wen*******@validmail.none,35,4,02.10.2022 22:00
u0686,kan*******@company.none,36,6,05.12.2022 23:00
u0687,kar*******@retromail.none,68,3,15.12.2022 23:00
u0688,alb*******@kitty.none,80,5,24.12.2022 23:00
u0689,ren*******@quickmail.none,43,13,06.12.2022 23:00
u0690,mei*******@spam-mail.none,54,3,25.06.2022 22:00
u0691,ber*******@goggle-mail.none,20,0,
u0692,p-d*******@net-mail.none,29,7,17.11.2022 23:00
u0693,e-k*******@live-mail.none,60,10,30.12.2022 23:00
u0694,l.e*******@trashmail.none,49,4,13.12.2022 23:00
u0695,ros*******@ultramail.none,28,5,01.09.2022 22:00
u0696,c-9*******@kitty.none,30,4,11.09.2022 22:00
u0697,vin*******@hoster.none,65,3,03.11.2022 23:00
u0698,b.l*******@web.none,74,6,15.11.2022 23:00
u0699,ros*******@mymail.none,47,6,24.11.2022 23:00
u0700,l.b*******@open-mail.none,27,4,06.08.2022 22:00
u0701,ant*******@web.none,34,3,30.06.2022 22:00
u0702,dlo*******@retromail.none,36,4,22.11.2022 23:00
u0703,m.1*******@retromail.none,44,9,16.11.2022 23:00
u0704,ott*******@hoster.none,34,5,29.11.2022 23:00
u0705,l_l*******@email.none,20,2,24.02.2022 23:00
u0706,f-4*******@live-mail.none,82,7,02.10.2022 22:00
u0707,gud*******@net-mail.none,19,8,01.10.2022 22:00
u0708,w-w*******@company.none,32,3,27.12.2022 23:00
u0709,ida*******@hoster.none,88,6,25.12.2022 23:00
u0710,sam*******@inter-mail.none,81,4,01.10.2022 22:00
u0711,alb*******@inter-mail.none,64,5,15.09.2022 22:00
u0712,l_k*******@net-mail.none,86,7,16.11.2022 23:00
u0713,got*******@inter-mail.none,89,4,25.10.2022 22:00
u0714,d.0*******@hoster.none,23,6,29.12.2022 23:00
u0715,z_1*******@live-mail.none,55,5,18.09.2022 22:00
u0716,inn*******@goggle-mail.none,69,11,24.11.2022 23:00
u0717,ros*******@domain.none,54,5,04.10.2022 22:00
u0718,soe*******@web.none,59,6,12.12.2022 23:00
u0719,ram*******@domain.none,61,8,04.12.2022 23:00
u0720,alw*******@web.none,38,7,16.11.2022 23:00
u0721,dim*******@inter-mail.none,71,7,13.09.2022 22:00
u0722,fai*******@live-mail.none,22,1,27.11.2022 23:00
u0723,ado*******@mymail.none,31,3,22.04.2022 22:00
u0724,ste*******@bestmail.none,27,7,16.11.2022 23:00
u0725,ant*******@trashmail.none,85,4,07.12.2022 23:00
u0726,m.8*******@validmail.none,43,2,14.12.2022 23:00
u0727,ern*******@quickmail.none,75,6,17.09.2022 22:00
u0728,got*******@trashmail.none,54,4,02.12.2022 23:00
u0729,ala*******@web.none,64,8,12.11.2022 23:00
u0730,mar*******@company.none,47,2,02.08.2022 22:00
u0731,b63*******@spam-mail.none,60,7,27.12.2022 23:00
u0732,wha*******@trashmail.none,75,6,26.11.2022 23:00
u0733,erw*******@validmail.none,61,7,10.12.2022 23:00
u0734,arm*******@bestmail.none,70,6,16.11.2022 23:00
u0735,eha*******@quickmail.none,35,2,05.11.2022 23:00
u0736,liu*******@anymail.none,47,6,20.11.2022 23:00
u0737,the*******@ultramail.none,34,5,10.12.2022 23:00
u0738,lou*******@live-mail.none,73,2,13.11.2022 23:00
u0739,yan*******@justmail.none,55,8,05.12.2022 23:00
u0740,aug*******@xyz.none,75,6,21.11.2022 23:00
u0741,rej*******@domain.none,88,4,20.07.2022 22:00
u0742,ann*******@funmail.none,79,1,15.04.2022 22:00
u0743,syl*******@kitty.none,23,9,06.10.2022 22:00
u0744,mai*******@validmail.none,31,7,21.12.2022 23:00
u0745,lie*******@live-mail.none,74,3,11.07.2022 22:00
u0746,w_1*******@trashmail.none,93,3,01.09.2022 22:00
u0747,alm*******@kitty.none,55,5,27.09.2022 22:00
u0748,jas*******@net-mail.none,82,5,30.10.2022 23:00
u0749,mi.*******@xyz.none,75,2,21.08.2022 22:00
u0750,hey*******@inter-mail.none,57,3,12.06.2022 22:00
u0751,rot*******@web.none,33,5,30.12.2022 23:00
u0752,len*******@ultramail.none,78,6,03.11.2022 23:00
u0753,c_k*******@hoster.none,61,4,19.12.2022 23:00
u0754,fra*******@email.none,41,8,02.12.2022 23:00
u0755,gri*******@retromail.none,24,8,03.10.2022 22:00
u0756,hei*******@justmail.none,92,3,12.10.2022 22:00
u0757,m-k*******@spam-mail.none,36,4,27.12.2022 23:00
u0758,nak*******@net-mail.none,48,4,13.09.2022 22:00
u0759,abd*******@mymail.none,62,6,23.11.2022 23:00
u0760,s.h*******@company.none,74,7,23.11.2022 23:00
u0761,fri*******@private.none,62,5,29.11.2022 23:00
u0762,e.m*******@domain.none,38,5,02.05.2022 22:00
u0763,jur*******@company.none,33,6,29.10.2022 22:00
u0764,ann*******@ultramail.none,19,1,22.09.2022 22:00
u0765,d_l*******@hoster.none,84,6,22.10.2022 22:00
u0766,mar*******@live-mail.none,35,5,07.11.2022 23:00
u0767,a_3*******@email.none,93,4,18.11.2022 23:00
u0768,c.n*******@justmail.none,81,6,18.11.2022 23:00
u0769,ber*******@bestmail.none,62,3,20.11.2022 23:00
u0770,m_m*******@goggle-mail.none,37,8,13.10.2022 22:00
u0771,u_o*******@justmail.none,82,9,07.11.2022 23:00
u0772,g_1*******@goggle-mail.none,29,8,15.12.2022 23:00
u0773,her*******@retromail.none,52,4,08.12.2022 23:00
u0774,mau*******@inter-mail.none,34,8,24.12.2022 23:00
u0775,e-2*******@private.none,21,8,10.10.2022 22:00
u0776,wal*******@xyz.none,67,4,29.10.2022 22:00
u0777,kri*******@validmail.none,42,7,13.12.2022 23:00
u0778,z.i*******@retromail.none,70,5,04.12.2022 23:00
u0779,ann*******@trashmail.none,46,6,14.12.2022 23:00
u0780,chr*******@private.none,34,7,01.12.2022 23:00
u0781,h_3*******@mymail.none,89,6,25.12.2022 23:00
u0782,g_h*******@anymail.none,72,6,21.11.2022 23:00
u0783,l.3*******@open-mail.none,86,5,24.12.2022 23:00
u0784,ggr*******@open-mail.none,41,3,17.11.2022 23:00
u0785,wit*******@trashmail.none,44,6,30.10.2022 23:00
u0786,d.r*******@domain.none,27,5,10.08.2022 22:00
u0787,jos*******@kitty.none,84,5,24.10.2022 22:00
u0788,fin*******@ultramail.none,56,8,15.12.2022 23:00
u0789,iri*******@retromail.none,55,5,16.11.2022 23:00
u0790,wal*******@web.none,70,4,11.10.2022 22:00
u0791,eug*******@justmail.none,83,7,28.09.2022 22:00
u0792,luc*******@validmail.none,55,7,10.10.2022 22:00
u0793,kei*******@web.none,51,2,05.08.2022 22:00
u0794,ego*******@retromail.none,70,5,22.11.2022 23:00
u0795,b_f*******@funmail.none,60,4,08.09.2022 22:00
u0796,eni*******@kitty.none,62,7,18.09.2022 22:00
u0797,fro*******@funmail.none,90,10,29.12.2022 23:00
u0798,f_t*******@trashmail.none,54,3,17.11.2022 23:00
u0799,m_s*******@company.none,88,8,20.11.2022 23:00
u0800,ali*******@anymail.none,29,7,21.09.2022 22:00
u0802,bur*******@retromail.none,72,6,24.12.2022 23:00
u0803,jes*******@retromail.none,59,4,12.10.2022 22:00
u0804,f_s*******@bestmail.none,29,5,26.12.2022 23:00
u0805,a_l*******@funmail.none,43,5,10.12.2022 23:00
u0806,dja*******@private.none,34,2,17.12.2022 23:00
u0807,c_h*******@trashmail.none,70,5,19.07.2022 22:00
u0808,m.1*******@quickmail.none,37,4,25.12.2022 23:00
u0809,ger*******@retromail.none,28,7,23.10.2022 22:00
u0810,i_1*******@validmail.none,81,5,26.11.2022 23:00
u0811,sab*******@domain.none,60,4,30.12.2022 23:00
u0812,m.h*******@bestmail.none,40,2,08.04.2022 22:00
u0813,wal*******@live-mail.none,47,3,29.06.2022 22:00
u0814,cpy*******@email.none,45,4,31.05.2022 22:00
u0815,die*******@hoster.none,65,10,04.12.2022 23:00
u0816,m.9*******@hoster.none,31,3,20.12.2022 23:00
u0817,syl*******@quickmail.none,48,8,21.12.2022 23:00
u0818,chr*******@inter-mail.none,71,4,30.04.2022 22:00
u0819,bur*******@xyz.none,81,4,20.12.2022 23:00
u0820,wil*******@domain.none,63,6,19.10.2022 22:00
u0821,a02*******@live-mail.none,21,7,11.12.2022 23:00
u0822,phi*******@trashmail.none,49,4,05.11.2022 23:00
u0823,tha*******@net-mail.none,92,3,03.10.2022 22:00
u0824,t_a*******@xyz.none,93,6,24.11.2022 23:00
u0825,alw*******@email.none,89,6,31.10.2022 23:00
u0826,h.s*******@anymail.none,44,11,16.12.2022 23:00
u0827,oli*******@email.none,34,3,15.07.2022 22:00
u0828,w-h*******@mymail.none,20,8,21.12.2022 23:00
u0829,kir*******@company.none,61,10,05.12.2022 23:00
u0830,bri*******@mymail.none,53,5,27.09.2022 22:00
u0831,s_b*******@validmail.none,34,7,30.11.2022 23:00
u0832,per*******@anymail.none,50,7,19.12.2022 23:00
u0833,i.1*******@private.none,77,6,19.09.2022 22:00
u0834,z_b*******@ultramail.none,91,4,25.11.2022 23:00
u0835,rai*******@trashmail.none,58,4,14.09.2022 22:00
u0836,i_r*******@domain.none,87,7,29.12.2022 23:00
u0837,f_d*******@live-mail.none,87,5,27.10.2022 22:00
u0838,pet*******@quickmail.none,39,6,10.10.2022 22:00
u0839,lot*******@ultramail.none,74,3,07.10.2022 22:00
u0840,wil*******@hoster.none,37,4,16.11.2022 23:00
u0841,tob*******@spam-mail.none,88,5,23.11.2022 23:00
u0842,sil*******@net-mail.none,81,5,19.12.2022 23:00
u0843,ser*******@hoster.none,69,5,19.11.2022 23:00
u0844,gie*******@goggle-mail.none,49,5,30.12.2022 23:00
u0845,dor*******@open-mail.none,45,6,16.12.2022 23:00
u0846,fzh*******@open-mail.none,49,6,08.09.2022 22:00
u0847,wal*******@retromail.none,69,9,17.12.2022 23:00
u0848,bab*******@goggle-mail.none,50,2,02.12.2022 23:00
u0849,six*******@anymail.none,66,7,01.12.2022 23:00
u0850,y-1*******@open-mail.none,54,6,02.12.2022 23:00
u0851,edi*******@validmail.none,70,3,16.12.2022 23:00
u0852,sak*******@web.none,32,2,01.10.2022 22:00
u0853,g.4*******@live-mail.none,74,6,23.09.2022 22:00
u0854,fel*******@xyz.none,84,4,18.12.2022 23:00
u0855,gil*******@net-mail.none,86,4,05.12.2022 23:00
u0856,ell*******@inter-mail.none,80,7,10.10.2022 22:00
u0857,ign*******@hoster.none,54,5,21.12.2022 23:00
u0858,fid*******@validmail.none,42,7,28.09.2022 22:00
u0859,d-g*******@mymail.none,78,6,01.12.2022 23:00
u0860,wul*******@trashmail.none,65,6,30.09.2022 22:00
u0861,j_v*******@private.none,71,2,29.11.2022 23:00
u0862,bir*******@mymail.none,93,4,18.09.2022 22:00
u0863,sde*******@net-mail.none,62,4,15.12.2022 23:00
u0864,lil*******@funmail.none,90,7,26.12.2022 23:00
u0865,wha*******@domain.none,83,5,12.07.2022 22:00
u0866,ker*******@company.none,29,7,21.11.2022 23:00
u0867,ray*******@domain.none,51,7,19.12.2022 23:00
u0868,cde*******@private.none,93,5,14.12.2022 23:00
u0869,k_r*******@private.none,50,3,30.12.2022 23:00
u0870,rut*******@ultramail.none,39,10,22.12.2022 23:00
u0871,nfe*******@bestmail.none,83,5,26.10.2022 22:00
u0872,may*******@quickmail.none,56,1,11.11.2022 23:00
u0873,a19*******@mymail.none,89,2,02.05.2022 22:00
u0874,kal*******@trashmail.none,61,3,21.08.2022 22:00
u0875,ang*******@trashmail.none,48,5,17.11.2022 23:00
u0876,roc*******@private.none,77,6,04.09.2022 22:00
u0877,mat*******@goggle-mail.none,51,5,22.12.2022 23:00
u0878,e_m*******@inter-mail.none,28,4,26.01.2022 23:00
u0879,les*******@live-mail.none,20,10,23.08.2022 22:00
u0880,thi*******@web.none,19,3,19.09.2022 22:00
u0881,alt*******@net-mail.none,38,4,20.10.2022 22:00
u0882,wen*******@live-mail.none,49,8,29.09.2022 22:00
u0883,soe*******@domain.none,77,5,12.10.2022 22:00
u0884,ade*******@live-mail.none,22,9,31.10.2022 23:00
u0885,one*******@spam-mail.none,72,9,02.12.2022 23:00
u0886,eru*******@net-mail.none,62,4,25.11.2022 23:00
u0887,ein*******@web.none,33,5,30.12.2022 23:00
u0888,m.7*******@funmail.none,47,3,11.09.2022 22:00
u0889,fri*******@xyz.none,27,6,29.12.2022 23:00
u0890,rel*******@private.none,77,9,26.12.2022 23:00
u0891,syl*******@justmail.none,36,10,29.12.2022 23:00
u0892,l.w*******@quickmail.none,67,8,10.11.2022 23:00
u0893,nun*******@spam-mail.none,26,6,22.09.2022 22:00
u0894,ant*******@net-mail.none,59,3,30.11.2022 23:00
u0895,ann*******@validmail.none,58,5,04.07.2022 22:00
u0896,mel*******@mymail.none,26,6,14.06.2022 22:00
u0897,lai*******@private.none,72,1,25.01.2022 23:00
u0898,ger*******@kitty.none,72,6,26.11.2022 23:00
u0899,h-l*******@goggle-mail.none,35,6,22.08.2022 22:00
u0900,k.h*******@net-mail.none,33,4,02.11.2022 23:00
u0901,s.o*******@bestmail.none,25,3,30.03.2022 22:00
u0902,l.4*******@domain.none,75,8,21.12.2022 23:00
u0903,l.1*******@retromail.none,33,7,19.12.2022 23:00
u0904,erw*******@private.none,41,4,16.09.2022 22:00
u0905,irm*******@bestmail.none,59,8,03.11.2022 23:00
u0906,hea*******@anymail.none,55,3,10.11.2022 23:00
u0907,wal*******@funmail.none,24,2,23.02.2022 23:00
u0908,gio*******@email.none,49,6,12.12.2022 23:00
u0909,g-1*******@live-mail.none,73,2,24.09.2022 22:00
u0910,fil*******@net-mail.none,42,6,03.12.2022 23:00
u0911,pir*******@anymail.none,61,6,24.12.2022 23:00
u0912,h.l*******@web.none,26,6,14.10.2022 22:00
u0913,ber*******@anymail.none,46,8,01.10.2022 22:00
u0914,v-7*******@inter-mail.none,50,7,15.11.2022 23:00
u0915,nik*******@anymail.none,21,6,14.11.2022 23:00
u0916,j_o*******@quickmail.none,65,8,16.12.2022 23:00
u0917,ven*******@justmail.none,63,6,22.09.2022 22:00
u0918,k-o*******@email.none,34,6,29.11.2022 23:00
u0919,nth*******@xyz.none,19,7,21.10.2022 22:00
u0920,bor*******@retromail.none,44,6,22.11.2022 23:00
u0921,ott*******@goggle-mail.none,90,4,11.11.2022 23:00
u0922,eck*******@justmail.none,46,7,06.11.2022 23:00
u0923,ari*******@ultramail.none,29,4,13.03.2022 23:00
u0924,wig*******@ultramail.none,21,5,16.12.2022 23:00
u0925,seg*******@private.none,27,3,10.10.2022 22:00
u0926,d.e*******@hoster.none,43,3,06.12.2022 23:00
u0927,fav*******@email.none,64,6,15.12.2022 23:00
u0928,vla*******@open-mail.none,26,7,18.10.2022 22:00
u0929,s-r*******@anymail.none,91,1,22.06.2022 22:00
u0930,c_1*******@net-mail.none,60,4,06.12.2022 23:00
u0931,t-4*******@live-mail.none,82,4,16.12.2022 23:00
u0932,e.d*******@anymail.none,75,5,11.12.2022 23:00
u0933,s-5*******@live-mail.none,70,3,14.09.2022 22:00
u0934,urg*******@open-mail.none,73,5,28.10.2022 22:00
u0935,d.k*******@email.none,80,3,26.12.2022 23:00
u0936,e.h*******@kitty.none,58,7,23.09.2022 22:00
u0937,w.6*******@email.none,59,4,10.12.2022 23:00
u0938,kri*******@open-mail.none,30,7,26.12.2022 23:00
u0939,arv*******@kitty.none,29,4,07.10.2022 22:00
u0940,hel*******@spam-mail.none,90,7,03.11.2022 23:00
u0941,vik*******@ultramail.none,31,8,08.12.2022 23:00
u0942,luc*******@email.none,33,8,04.11.2022 23:00
u0943,mar*******@private.none,65,2,06.11.2022 23:00
u0944,gun*******@live-mail.none,86,8,04.12.2022 23:00
u0945,l.v*******@quickmail.none,27,3,11.12.2022 23:00
u0947,sah*******@anymail.none,50,8,20.12.2022 23:00
u0948,v19*******@web.none,86,6,15.09.2022 22:00
u0949,ars*******@company.none,91,4,07.10.2022 22:00
u0950,ath*******@trashmail.none,80,5,29.12.2022 23:00
u0951,f_w*******@live-mail.none,30,5,23.12.2022 23:00
u0952,ade*******@funmail.none,24,2,29.07.2022 22:00
u0953,l.g*******@inter-mail.none,54,10,27.12.2022 23:00
u0954,r_1*******@ultramail.none,41,5,11.09.2022 22:00
u0955,o_k*******@xyz.none,20,5,28.11.2022 23:00
u0956,bru*******@open-mail.none,62,6,05.11.2022 23:00
u0957,duk*******@anymail.none,82,4,08.07.2022 22:00
u0958,j_d*******@goggle-mail.none,82,6,03.09.2022 22:00
u0959,a-s*******@web.none,50,9,16.12.2022 23:00
u0960,s.w*******@kitty.none,79,6,11.11.2022 23:00
u0961,h-z*******@anymail.none,59,3,30.07.2022 22:00
u0962,n.k*******@open-mail.none,85,9,14.12.2022 23:00
u0963,yta*******@goggle-mail.none,34,5,20.10.2022 22:00
u0964,mar*******@funmail.none,52,3,11.12.2022 23:00
u0965,iza*******@email.none,87,1,02.09.2022 22:00
u0966,eck*******@web.none,59,7,14.11.2022 23:00
u0967,han*******@funmail.none,86,4,04.10.2022 22:00
u0968,y_s*******@net-mail.none,37,4,19.11.2022 23:00
u0969,l_b*******@validmail.none,90,8,16.12.2022 23:00
u0970,fri*******@email.none,45,6,26.10.2022 22:00
u0971,oda*******@company.none,68,7,13.11.2022 23:00
u0972,jos*******@domain.none,47,5,20.07.2022 22:00
u0973,n96*******@net-mail.none,27,9,17.11.2022 23:00
u0974,deg*******@goggle-mail.none,66,5,09.12.2022 23:00
u0975,cat*******@mymail.none,76,6,31.10.2022 23:00
u0976,dio*******@net-mail.none,28,6,08.12.2022 23:00
u0977,peg*******@spam-mail.none,19,3,16.11.2022 23:00
u0978,emm*******@net-mail.none,90,7,24.11.2022 23:00
u0979,gue*******@funmail.none,86,8,25.11.2022 23:00
u0980,don*******@bestmail.none,32,2,12.02.2022 23:00
u0981,hub*******@spam-mail.none,88,12,09.10.2022 22:00
u0982,h-m*******@web.none,28,9,12.11.2022 23:00
u0983,c_o*******@quickmail.none,20,3,09.12.2022 23:00
u0984,l.k*******@quickmail.none,78,6,04.12.2022 23:00
u0985,sof*******@private.none,90,9,16.12.2022 23:00
u0986,den*******@hoster.none,50,9,02.12.2022 23:00
u0987,j.s*******@net-mail.none,86,4,09.12.2022 23:00
u0988,lud*******@private.none,71,5,14.06.2022 22:00
u0989,t_s*******@inter-mail.none,34,4,30.09.2022 22:00
u0990,p_f*******@web.none,90,4,28.09.2022 22:00
u0991,erd*******@web.none,27,6,09.11.2022 23:00
u0993,mir*******@web.none,89,6,16.07.2022 22:00
u0994,nin*******@live-mail.none,77,7,25.12.2022 23:00
u0995,rut*******@trashmail.none,70,7,28.12.2022 23:00
u0996,a_w*******@trashmail.none,20,1,01.08.2022 22:00
u0997,n-1*******@xyz.none,31,4,15.04.2022 22:00
u0998,got*******@justmail.none,61,6,26.12.2022 23:00
u0999,vla*******@funmail.none,91,3,18.11.2022 23:00
u1000,bon*******@anymail.none,51,4,15.11.2022 23:00
u1001,l_s*******@spam-mail.none,23,5,14.10.2022 22:00
u1002,col*******@funmail.none,88,5,07.10.2022 22:00
u1003,the*******@hoster.none,51,5,21.11.2022 23:00
u1004,m.s*******@anymail.none,83,6,28.11.2022 23:00
u1005,ric*******@kitty.none,79,3,08.11.2022 23:00
u1006,rao*******@anymail.none,90,7,02.11.2022 23:00
u1007,mar*******@live-mail.none,44,6,27.12.2022 23:00
u1008,yen*******@hoster.none,24,2,05.11.2022 23:00
u1009,cor*******@email.none,25,4,21.10.2022 22:00
u1010,sus*******@net-mail.none,76,4,01.10.2022 22:00
u1011,e_k*******@validmail.none,20,8,19.05.2022 22:00
u1012,jfo*******@open-mail.none,35,6,03.11.2022 23:00
u1013,s_g*******@net-mail.none,91,3,10.12.2022 23:00
u1014,mar*******@web.none,32,5,02.12.2022 23:00
u1015,fab*******@kitty.none,77,8,23.12.2022 23:00
u1016,yoi*******@anymail.none,76,4,12.11.2022 23:00
u1017,rup*******@kitty.none,74,7,15.11.2022 23:00
u1018,otm*******@net-mail.none,60,3,29.09.2022 22:00
u1019,pat*******@kitty.none,31,4,25.07.2022 22:00
u1020,car*******@bestmail.none,19,5,30.10.2022 23:00
u1021,j_m*******@company.none,93,2,16.10.2022 22:00
u1022,ado*******@xyz.none,71,4,06.10.2022 22:00
u1023,kat*******@mymail.none,78,7,27.12.2022 23:00
u1024,sin*******@bestmail.none,52,1,11.10.2022 22:00
u1025,lau*******@xyz.none,80,4,09.12.2022 23:00
u1026,fma*******@web.none,43,4,30.11.2022 23:00
u1027,i.k*******@email.none,83,8,14.12.2022 23:00
u1028,jea*******@inter-mail.none,92,8,17.12.2022 23:00
u1029,her*******@hoster.none,57,8,15.12.2022 23:00
u1030,mat*******@goggle-mail.none,42,2,09.08.2022 22:00
u1031,mir*******@anymail.none,29,6,18.11.2022 23:00
u1032,sve*******@retromail.none,32,2,25.04.2022 22:00
u1033,ann*******@anymail.none,63,6,20.10.2022 22:00
u1034,pan*******@anymail.none,43,5,19.04.2022 22:00
u1035,ekk*******@net-mail.none,22,8,11.11.2022 23:00
u1036,a-s*******@private.none,55,7,28.10.2022 22:00
u1037,kat*******@anymail.none,51,3,13.03.2022 23:00
u1038,s.h*******@spam-mail.none,90,5,10.11.2022 23:00
u1039,tho*******@mymail.none,36,5,11.09.2022 22:00
u1040,tos*******@domain.none,69,6,11.12.2022 23:00
u1041,dil*******@company.none,34,13,08.12.2022 23:00
u1042,rup*******@bestmail.none,76,7,30.12.2022 23:00
u1043,v_7*******@bestmail.none,44,2,10.09.2022 22:00
u1044,r.1*******@ultramail.none,30,7,12.11.2022 23:00
u1045,fri*******@spam-mail.none,83,4,27.07.2022 22:00
u1046,fre*******@kitty.none,79,3,10.09.2022 22:00
u1047,elf*******@funmail.none,66,7,05.09.2022 22:00
u1048,rei*******@web.none,81,4,05.12.2022 23:00
u1049,mor*******@bestmail.none,41,4,20.10.2022 22:00
u1050,t-l*******@net-mail.none,89,7,15.11.2022 23:00
u1051,kay*******@goggle-mail.none,41,7,22.11.2022 23:00
u1052,s.g*******@spam-mail.none,54,5,25.10.2022 22:00
u1053,nbr*******@private.none,73,5,16.09.2022 22:00
u1054,eme*******@net-mail.none,55,1,27.02.2022 23:00
u1055,hei*******@mymail.none,49,6,05.08.2022 22:00
u1056,mat*******@ultramail.none,70,4,20.10.2022 22:00
u1057,a_b*******@mymail.none,74,8,21.11.2022 23:00
u1058,twi*******@inter-mail.none,51,6,18.10.2022 22:00
u1059,hei*******@goggle-mail.none,54,5,26.10.2022 22:00
u1060,ein*******@inter-mail.none,60,5,30.11.2022 23:00
u1061,ren*******@quickmail.none,25,5,13.12.2022 23:00
u1062,kor*******@live-mail.none,81,4,14.11.2022 23:00
u1063,ana*******@trashmail.none,63,3,06.07.2022 22:00
u1064,ehr*******@justmail.none,29,6,18.08.2022 22:00
u1065,tur*******@retromail.none,71,4,25.12.2022 23:00
u1066,ann*******@open-mail.none,75,3,04.12.2022 23:00
u1067,irm*******@live-mail.none,31,8,18.12.2022 23:00
u1068,lee*******@live-mail.none,59,10,05.12.2022 23:00
u1069,nur*******@trashmail.none,44,6,26.12.2022 23:00
u1070,c_s*******@bestmail.none,93,5,16.10.2022 22:00
u1071,c_g*******@goggle-mail.none,66,4,06.09.2022 22:00
u1072,bue*******@web.none,86,2,23.11.2022 23:00
u1073,rei*******@xyz.none,65,7,23.12.2022 23:00
u1074,fri*******@kitty.none,30,3,22.12.2022 23:00
u1075,rei*******@open-mail.none,45,4,17.11.2022 23:00
u1076,hbe*******@spam-mail.none,61,8,27.10.2022 22:00
u1077,h.h*******@mymail.none,50,9,18.12.2022 23:00
u1078,fra*******@xyz.none,52,9,21.12.2022 23:00
u1079,j20*******@company.none,23,6,29.12.2022 23:00
u1080,her*******@open-mail.none,25,5,03.12.2022 23:00
u1081,rbi*******@bestmail.none,62,6,03.12.2022 23:00
u1082,s_m*******@anymail.none,76,3,03.12.2022 23:00
u1083,fol*******@goggle-mail.none,33,4,03.10.2022 22:00
u1084,bfa*******@live-mail.none,69,8,23.12.2022 23:00
u1085,m37*******@justmail.none,86,4,27.09.2022 22:00
u1086,r.g*******@funmail.none,65,4,31.10.2022 23:00
u1087,m-c*******@company.none,74,1,04.11.2022 23:00
u1088,g_k*******@anymail.none,36,6,19.11.2022 23:00
u1089,tal*******@ultramail.none,30,4,14.07.2022 22:00
u1090,d_k*******@web.none,88,9,14.12.2022 23:00
u1091,ach*******@email.none,69,4,20.11.2022 23:00
u1092,ber*******@retromail.none,20,8,24.12.2022 23:00
u1093,d_k*******@company.none,30,3,10.09.2022 22:00
u1094,fol*******@open-mail.none,44,3,25.11.2022 23:00
u1095,min*******@hoster.none,81,4,28.11.2022 23:00
u1096,sej*******@open-mail.none,87,5,10.10.2022 22:00
u1097,geb*******@private.none,81,3,17.12.2022 23:00
u1098,jen*******@funmail.none,93,6,11.11.2022 23:00
u1099,fil*******@trashmail.none,66,7,30.12.2022 23:00
u1100,ire*******@retromail.none,82,8,26.11.2022 23:00
u1101,w.6*******@goggle-mail.none,55,5,02.12.2022 23:00
u1102,ann*******@xyz.none,86,8,29.10.2022 22:00
u1103,rud*******@private.none,21,9,27.12.2022 23:00
u1104,a-w*******@trashmail.none,52,6,04.10.2022 22:00
u1105,arn*******@web.none,28,6,26.12.2022 23:00
u1106,alf*******@live-mail.none,73,7,25.12.2022 23:00
u1107,f_w*******@private.none,26,7,28.11.2022 23:00
u1108,sho*******@inter-mail.none,85,4,23.09.2022 22:00
u1110,r_m*******@retromail.none,69,4,10.12.2022 23:00
u1111,k.p*******@open-mail.none,74,5,04.11.2022 23:00
u1112,uak*******@kitty.none,54,8,15.09.2022 22:00
u1113,a.m*******@company.none,65,8,02.10.2022 22:00
u1114,jil*******@funmail.none,38,8,15.12.2022 23:00
u1115,s.r*******@goggle-mail.none,91,5,03.08.2022 22:00
u1116,bir*******@justmail.none,73,5,01.12.2022 23:00
u1117,r.s*******@mymail.none,20,4,23.11.2022 23:00
u1118,dev*******@funmail.none,38,6,13.12.2022 23:00
u1119,mre*******@goggle-mail.none,27,5,09.10.2022 22:00
u1120,a-1*******@open-mail.none,92,8,09.10.2022 22:00
u1121,ewa*******@live-mail.none,87,5,22.12.2022 23:00
u1122,rai*******@validmail.none,73,4,16.10.2022 22:00
u1123,lie*******@domain.none,32,1,16.06.2022 22:00
u1124,sig*******@bestmail.none,80,5,27.12.2022 23:00
u1125,ste*******@ultramail.none,81,6,12.09.2022 22:00
u1126,d.a*******@spam-mail.none,77,7,18.12.2022 23:00
u1127,vol*******@hoster.none,87,12,02.12.2022 23:00
u1128,wdo*******@quickmail.none,73,9,20.11.2022 23:00
u1129,ber*******@mymail.none,28,3,22.12.2022 23:00
u1130,r-s*******@trashmail.none,34,4,29.11.2022 23:00
u1131,r_m*******@mymail.none,91,2,20.08.2022 22:00
u1132,emi*******@open-mail.none,91,5,29.10.2022 22:00
u1133,mig*******@bestmail.none,36,5,16.10.2022 22:00
u1134,mar*******@goggle-mail.none,49,10,07.11.2022 23:00
u1135,fol*******@open-mail.none,71,4,11.11.2022 23:00
u1136,h-k*******@quickmail.none,74,1,12.12.2022 23:00
u1137,lyn*******@justmail.none,28,4,24.12.2022 23:00
u1138,got*******@quickmail.none,50,6,30.12.2022 23:00
u1139,a_s*******@open-mail.none,71,5,19.10.2022 22:00
u1140,l-1*******@bestmail.none,84,8,14.10.2022 22:00
u1141,h-h*******@open-mail.none,77,6,04.12.2022 23:00
u1142,ead*******@spam-mail.none,82,6,08.10.2022 22:00
u1143,alr*******@email.none,79,13,10.10.2022 22:00
u1144,hen*******@retromail.none,89,6,05.11.2022 23:00
u1145,sid*******@kitty.none,43,9,21.12.2022 23:00
u1146,r_1*******@live-mail.none,60,8,22.12.2022 23:00
u1147,nic*******@inter-mail.none,32,6,23.12.2022 23:00
u1148,mil*******@company.none,74,6,18.12.2022 23:00
u1149,h_c*******@kitty.none,41,7,15.11.2022 23:00
u1150,vei*******@web.none,88,6,25.10.2022 22:00
u1151,ver*******@net-mail.none,93,7,18.12.2022 23:00
u1152,tod*******@mymail.none,66,9,12.12.2022 23:00
u1153,n.l*******@goggle-mail.none,72,2,19.10.2022 22:00
u1154,eck*******@web.none,86,4,26.04.2022 22:00
u1155,egw*******@trashmail.none,72,5,17.12.2022 23:00
u1156,myr*******@justmail.none,24,4,08.10.2022 22:00
u1157,kor*******@web.none,75,5,21.08.2022 22:00
u1158,uto*******@goggle-mail.none,77,10,03.11.2022 23:00
u1159,bia*******@xyz.none,20,5,23.12.2022 23:00
u1160,s_s*******@email.none,58,1,07.07.2022 22:00
u1161,e.1*******@kitty.none,78,4,30.09.2022 22:00
u1162,w_r*******@hoster.none,70,4,11.11.2022 23:00
u1163,ell*******@private.none,72,4,20.10.2022 22:00
u1164,l-a*******@bestmail.none,56,4,07.12.2022 23:00
u1165,erh*******@retromail.none,70,7,14.12.2022 23:00
u1166,bur*******@inter-mail.none,90,5,18.10.2022 22:00
u1167,nan*******@web.none,33,9,27.12.2022 23:00
u1168,arn*******@ultramail.none,55,6,11.11.2022 23:00
u1169,tzi*******@inter-mail.none,46,6,15.08.2022 22:00
u1170,tri*******@justmail.none,35,7,16.09.2022 22:00
u1171,kor*******@net-mail.none,28,5,03.11.2022 23:00
u1172,wil*******@quickmail.none,49,2,01.08.2022 22:00
u1173,fri*******@kitty.none,43,6,17.12.2022 23:00
u1174,sie*******@web.none,88,5,11.12.2022 23:00
u1175,mar*******@domain.none,52,11,21.11.2022 23:00
u1176,the*******@net-mail.none,36,4,18.09.2022 22:00
u1177,a.l*******@open-mail.none,71,6,29.12.2022 23:00
u1178,ber*******@hoster.none,35,11,13.11.2022 23:00
u1179,ros*******@goggle-mail.none,59,4,21.12.2022 23:00
u1180,s_f*******@hoster.none,42,3,13.08.2022 22:00
u1181,rob*******@ultramail.none,86,2,26.04.2022 22:00
u1182,lko*******@kitty.none,73,5,07.11.2022 23:00
u1183,eph*******@quickmail.none,54,6,12.11.2022 23:00
u1184,the*******@xyz.none,41,6,22.12.2022 23:00
u1185,csz*******@open-mail.none,86,5,26.09.2022 22:00
u1186,r.g*******@kitty.none,27,1,07.10.2022 22:00
u1187,x-k*******@validmail.none,31,3,02.12.2022 23:00
u1188,fin*******@inter-mail.none,55,5,13.11.2022 23:00
u1189,zit*******@open-mail.none,87,5,20.10.2022 22:00
u1190,r.1*******@bestmail.none,77,5,22.10.2022 22:00
u1191,s-b*******@trashmail.none,83,3,01.10.2022 22:00
u1192,ger*******@ultramail.none,20,7,30.12.2022 23:00
u1193,ben*******@bestmail.none,55,2,17.09.2022 22:00
u1194,fri*******@xyz.none,33,2,02.08.2022 22:00
u1195,sep*******@open-mail.none,72,6,27.12.2022 23:00
u1196,man*******@quickmail.none,75,9,22.12.2022 23:00
u1197,dom*******@kitty.none,52,3,17.11.2022 23:00
u1198,f_z*******@xyz.none,56,6,29.11.2022 23:00
u1199,ing*******@bestmail.none,43,7,03.12.2022 23:00
u1200,myg*******@spam-mail.none,54,2,24.10.2022 22:00
u1201,mei*******@open-mail.none,46,10,30.12.2022 23:00
u1202,hai*******@validmail.none,44,5,27.11.2022 23:00
u1203,ana*******@web.none,68,11,11.12.2022 23:00
u1204,c.s*******@xyz.none,65,4,29.08.2022 22:00
u1205,jan*******@open-mail.none,69,6,27.10.2022 22:00
u1206,son*******@quickmail.none,22,6,21.10.2022 22:00
u1207,han*******@spam-mail.none,69,5,25.11.2022 23:00
u1208,eag*******@domain.none,85,8,27.12.2022 23:00
u1209,mar*******@ultramail.none,54,2,23.03.2022 23:00
u1210,g-j*******@xyz.none,45,6,07.11.2022 23:00
u1211,d.s*******@mymail.none,33,3,24.12.2022 23:00
u1212,hym*******@anymail.none,23,6,18.11.2022 23:00
u1213,m95*******@ultramail.none,28,7,11.12.2022 23:00
u1214,may*******@inter-mail.none,91,6,07.09.2022 22:00
u1215,d.c*******@validmail.none,84,4,19.12.2022 23:00
u1216,sab*******@open-mail.none,29,4,26.12.2022 23:00
u1217,kur*******@justmail.none,41,5,22.10.2022 22:00
u1218,men*******@validmail.none,83,6,11.11.2022 23:00
u1219,hei*******@goggle-mail.none,63,5,19.10.2022 22:00
u1220,fer*******@net-mail.none,70,2,16.10.2022 22:00
u1221,may*******@web.none,31,2,03.06.2022 22:00
u1222,zit*******@anymail.none,71,2,20.06.2022 22:00
u1223,h_4*******@mymail.none,79,6,22.12.2022 23:00
u1225,vei*******@bestmail.none,23,5,12.08.2022 22:00
u1226,and*******@email.none,88,5,01.12.2022 23:00
u1227,r-d*******@quickmail.none,43,6,02.11.2022 23:00
u1228,abr*******@private.none,25,4,29.11.2022 23:00
u1229,a87*******@inter-mail.none,36,2,19.12.2022 23:00
u1230,h.f*******@company.none,66,4,10.12.2022 23:00
u1231,yal*******@live-mail.none,54,4,22.10.2022 22:00
u1232,p.g*******@mymail.none,69,9,22.11.2022 23:00
u1233,a.9*******@web.none,33,4,03.05.2022 22:00
u1234,sig*******@hoster.none,72,3,19.12.2022 23:00
u1235,nic*******@private.none,57,3,27.09.2022 22:00
u1236,syd*******@funmail.none,92,1,26.12.2022 23:00
u1237,han*******@hoster.none,88,6,23.11.2022 23:00
u1238,mar*******@domain.none,26,5,28.12.2022 23:00
u1239,ott*******@kitty.none,42,0,
u1240,jou*******@quickmail.none,51,4,13.12.2022 23:00
u1241,min*******@inter-mail.none,23,3,12.10.2022 22:00
u1242,vuo*******@anymail.none,36,5,16.11.2022 23:00
u1243,ott*******@quickmail.none,48,4,16.10.2022 22:00
u1244,boj*******@net-mail.none,64,4,12.12.2022 23:00
u1245,u.h*******@validmail.none,20,1,18.04.2022 22:00
u1246,gre*******@domain.none,53,3,24.12.2022 23:00
u1247,bab*******@private.none,27,4,28.09.2022 22:00
u1248,r-1*******@spam-mail.none,27,5,07.12.2022 23:00
u1249,rin*******@web.none,67,6,29.12.2022 23:00
u1250,m-f*******@validmail.none,89,5,17.06.2022 22:00
u1251,uth*******@mymail.none,33,3,14.08.2022 22:00
u1252,ger*******@retromail.none,63,6,04.08.2022 22:00
u1253,bur*******@retromail.none,77,7,27.09.2022 22:00
u1254,hel*******@open-mail.none,48,6,21.12.2022 23:00
u1255,car*******@kitty.none,83,8,23.12.2022 23:00
u1256,car*******@spam-mail.none,67,4,15.11.2022 23:00
u1257,ant*******@spam-mail.none,58,2,04.11.2022 23:00
u1258,ros*******@hoster.none,51,4,25.07.2022 22:00
u1259,h_o*******@retromail.none,79,4,21.11.2022 23:00
u1260,b-b*******@retromail.none,50,5,19.12.2022 23:00
u1261,rot*******@ultramail.none,53,7,25.09.2022 22:00
u1262,l-h*******@hoster.none,82,2,25.07.2022 22:00
u1263,sah*******@mymail.none,37,11,20.11.2022 23:00
u1264,sas*******@trashmail.none,19,2,18.07.2022 22:00
u1265,k-r*******@funmail.none,24,7,29.08.2022 22:00
u1266,g61*******@justmail.none,62,5,28.10.2022 22:00
u1267,ago*******@funmail.none,50,8,29.11.2022 23:00
u1269,vro*******@private.none,71,10,08.12.2022 23:00
u1270,ale*******@funmail.none,83,10,06.11.2022 23:00
u1271,a-b*******@company.none,42,6,17.11.2022 23:00
u1272,eck*******@live-mail.none,29,10,23.12.2022 23:00
u1273,nel*******@trashmail.none,39,3,20.10.2022 22:00
u1274,ven*******@private.none,78,6,09.10.2022 22:00
u1275,rei*******@justmail.none,45,2,28.11.2022 23:00
u1276,nic*******@spam-mail.none,39,6,21.12.2022 23:00
u1277,m-p*******@ultramail.none,86,6,08.11.2022 23:00
u1278,lio*******@bestmail.none,86,8,15.12.2022 23:00
u1279,iri*******@live-mail.none,79,1,18.11.2022 23:00
u1280,s_f*******@goggle-mail.none,53,3,19.12.2022 23:00
u1281,bja*******@anymail.none,68,9,21.12.2022 23:00
u1282,fre*******@spam-mail.none,81,6,17.11.2022 23:00
u1283,yus*******@validmail.none,42,5,10.10.2022 22:00
u1284,bur*******@web.none,81,8,21.12.2022 23:00
u1285,har*******@validmail.none,65,6,17.06.2022 22:00
u1286,bak*******@mymail.none,53,4,06.12.2022 23:00
u1287,ein*******@retromail.none,58,3,29.09.2022 22:00
u1288,lau*******@retromail.none,43,5,30.12.2022 23:00
u1289,f_1*******@open-mail.none,75,5,30.12.2022 23:00
u1290,l.4*******@company.none,77,10,08.12.2022 23:00
u1291,rei*******@mymail.none,58,3,05.12.2022 23:00
u1292,mgl*******@ultramail.none,42,7,07.12.2022 23:00
u1293,ste*******@private.none,41,4,20.12.2022 23:00
u1294,c_b*******@inter-mail.none,49,4,13.10.2022 22:00
u1295,j.1*******@hoster.none,29,9,20.11.2022 23:00
u1296,ish*******@net-mail.none,49,4,05.12.2022 23:00
u1297,rei*******@inter-mail.none,61,7,29.10.2022 22:00
u1298,hub*******@justmail.none,50,5,05.12.2022 23:00
u1299,hel*******@ultramail.none,42,10,15.12.2022 23:00
u1300,ste*******@justmail.none,75,3,20.07.2022 22:00
u1301,egb*******@bestmail.none,83,5,08.09.2022 22:00
u1302,cla*******@validmail.none,65,6,15.11.2022 23:00
u1303,isa*******@funmail.none,51,8,10.12.2022 23:00
u1304,eri*******@spam-mail.none,62,6,17.09.2022 22:00
u1305,kel*******@net-mail.none,32,4,23.11.2022 23:00
u1306,and*******@justmail.none,53,5,23.07.2022 22:00
u1308,ern*******@email.none,57,7,18.12.2022 23:00
u1309,bar*******@validmail.none,62,9,27.10.2022 22:00
u1310,rue*******@open-mail.none,64,5,10.12.2022 23:00
u1311,k_b*******@live-mail.none,21,3,04.08.2022 22:00
u1312,h-w*******@trashmail.none,80,9,03.11.2022 23:00
u1313,s.l*******@live-mail.none,44,3,15.09.2022 22:00
u1314,d-1*******@mymail.none,75,10,30.12.2022 23:00
u1315,jaw*******@funmail.none,53,4,16.12.2022 23:00
u1316,gie*******@validmail.none,91,8,27.12.2022 23:00
u1317,kar*******@web.none,53,5,11.11.2022 23:00
u1318,o_4*******@anymail.none,77,3,10.06.2022 22:00
u1319,ddo*******@quickmail.none,87,9,29.12.2022 23:00
u1320,ger*******@xyz.none,79,1,31.05.2022 22:00
u1321,mel*******@email.none,52,5,29.12.2022 23:00
u1322,ann*******@open-mail.none,76,4,02.11.2022 23:00
u1323,d_l*******@validmail.none,87,5,20.09.2022 22:00
u1324,tri*******@bestmail.none,85,2,01.07.2022 22:00
u1325,bkr*******@mymail.none,24,9,28.11.2022 23:00
u1326,kb_*******@open-mail.none,63,4,25.08.2022 22:00
u1327,ann*******@inter-mail.none,21,4,19.10.2022 22:00
u1328,d_k*******@mymail.none,79,7,17.09.2022 22:00
u1329,c_w*******@hoster.none,84,5,26.11.2022 23:00
u1330,l-h*******@open-mail.none,47,4,12.08.2022 22:00
u1331,r_k*******@domain.none,54,7,27.09.2022 22:00
u1332,fra*******@funmail.none,88,6,18.11.2022 23:00
u1333,aki*******@trashmail.none,79,7,19.12.2022 23:00
u1334,ger*******@xyz.none,81,0,
u1336,mox*******@open-mail.none,28,3,28.12.2022 23:00
u1337,jos*******@ultramail.none,83,3,28.12.2022 23:00
u1338,f-h*******@ultramail.none,37,12,22.12.2022 23:00
u1339,emm*******@email.none,63,4,27.12.2022 23:00
u1340,s-l*******@goggle-mail.none,41,3,10.11.2022 23:00
u1341,vla*******@hoster.none,51,8,27.10.2022 22:00
u1342,s_1*******@web.none,50,4,08.10.2022 22:00
u1343,a_m*******@private.none,68,3,19.12.2022 23:00
u1344,rai*******@live-mail.none,49,5,22.10.2022 22:00
u1345,cus*******@goggle-mail.none,51,6,03.12.2022 23:00
u1346,m-m*******@open-mail.none,36,2,21.11.2022 23:00
u1347,alr*******@trashmail.none,84,9,20.06.2022 22:00
u1348,wit*******@ultramail.none,61,6,10.12.2022 23:00
u1349,rwi*******@live-mail.none,26,5,20.10.2022 22:00
u1350,irm*******@retromail.none,41,6,04.12.2022 23:00
u1351,fra*******@retromail.none,70,5,27.12.2022 23:00
u1352,j.l*******@goggle-mail.none,53,10,10.11.2022 23:00
u1353,son*******@inter-mail.none,67,6,15.11.2022 23:00
u1354,h-4*******@hoster.none,81,5,19.11.2022 23:00
u1355,sol*******@net-mail.none,42,7,28.12.2022 23:00
u1356,kat*******@private.none,74,2,03.05.2022 22:00
u1357,ing*******@web.none,67,7,04.12.2022 23:00
u1358,imr*******@live-mail.none,44,4,08.09.2022 22:00
u1359,hel*******@funmail.none,44,7,18.12.2022 23:00
u1360,har*******@ultramail.none,85,4,28.05.2022 22:00
u1361,mic*******@trashmail.none,77,5,31.08.2022 22:00
u1362,and*******@spam-mail.none,34,6,06.11.2022 23:00
u1363,bur*******@hoster.none,72,7,26.10.2022 22:00
u1364,hal*******@web.none,35,5,17.12.2022 23:00
u1365,sie*******@trashmail.none,87,9,30.12.2022 23:00
u1366,mar*******@bestmail.none,75,5,14.12.2022 23:00
u1367,g.e*******@kitty.none,54,4,05.12.2022 23:00
u1368,b.r*******@anymail.none,54,7,09.11.2022 23:00
u1369,lau*******@bestmail.none,91,10,20.12.2022 23:00
u1370,len*******@validmail.none,72,3,23.11.2022 23:00
u1371,h.a*******@inter-mail.none,64,2,14.08.2022 22:00
u1372,aug*******@validmail.none,21,2,28.10.2022 22:00
u1373,eng*******@web.none,59,6,02.08.2022 22:00
u1374,otf*******@spam-mail.none,64,4,19.05.2022 22:00
u1375,sar*******@anymail.none,70,11,22.12.2022 23:00
u1376,gal*******@trashmail.none,27,9,19.11.2022 23:00
u1377,ann*******@email.none,90,8,21.12.2022 23:00
u1378,oda*******@private.none,76,6,22.12.2022 23:00
u1379,r19*******@web.none,93,2,07.07.2022 22:00
u1380,faa*******@web.none,56,8,02.12.2022 23:00
u1381,alm*******@justmail.none,92,4,09.12.2022 23:00
u1382,mis*******@retromail.none,70,5,22.10.2022 22:00
u1383,sev*******@xyz.none,78,7,24.09.2022 22:00
u1384,chr*******@domain.none,21,8,08.11.2022 23:00
u1385,ann*******@email.none,84,4,06.09.2022 22:00
u1386,ape*******@private.none,32,2,04.12.2022 23:00
u1387,jul*******@retromail.none,46,7,16.12.2022 23:00
u1388,ash*******@trashmail.none,70,6,23.12.2022 23:00
u1389,h.1*******@open-mail.none,59,4,31.10.2022 23:00
u1390,rei*******@live-mail.none,65,3,17.08.2022 22:00
u1391,sie*******@company.none,53,5,11.08.2022 22:00
u1392,gjo*******@retromail.none,49,2,16.08.2022 22:00
u1393,f.w*******@web.none,54,4,30.12.2022 23:00
u1394,ton*******@xyz.none,85,3,21.11.2022 23:00
u1395,fri*******@quickmail.none,53,5,08.06.2022 22:00
u1396,h.k*******@anymail.none,71,6,28.09.2022 22:00
u1397,r-p*******@justmail.none,49,3,13.09.2022 22:00
u1398,ziw*******@hoster.none,40,5,09.12.2022 23:00
u1399,enr*******@company.none,30,7,02.12.2022 23:00
u1400,ali*******@trashmail.none,46,6,28.12.2022 23:00
u1401,swe*******@email.none,81,6,04.12.2022 23:00
u1402,car*******@validmail.none,71,7,27.12.2022 23:00
u1403,joy*******@trashmail.none,20,6,14.12.2022 23:00
u1404,jag*******@anymail.none,44,6,20.07.2022 22:00
u1405,wil*******@spam-mail.none,31,5,02.10.2022 22:00
u1406,sil*******@domain.none,71,4,07.10.2022 22:00
u1407,bri*******@web.none,19,2,01.05.2022 22:00
u1409,kai*******@justmail.none,80,3,26.12.2022 23:00
u1410,reg*******@justmail.none,68,5,31.10.2022 23:00
u1411,kat*******@bestmail.none,88,4,10.12.2022 23:00
u1412,k_r*******@validmail.none,24,7,13.07.2022 22:00
u1413,lui*******@trashmail.none,23,4,30.07.2022 22:00
u1414,r.m*******@retromail.none,53,6,23.12.2022 23:00
u1415,a_a*******@mymail.none,21,5,11.08.2022 22:00
u1416,wil*******@email.none,63,9,28.12.2022 23:00
u1417,wol*******@bestmail.none,41,4,07.12.2022 23:00
u1418,f-1*******@kitty.none,62,6,15.12.2022 23:00
u1419,ann*******@trashmail.none,61,8,09.12.2022 23:00
u1420,kis*******@retromail.none,37,4,16.12.2022 23:00
u1421,isi*******@bestmail.none,77,6,27.07.2022 22:00
u1422,a-3*******@web.none,90,6,17.11.2022 23:00
u1423,eug*******@bestmail.none,73,2,10.12.2022 23:00
u1424,d-f*******@justmail.none,54,3,05.09.2022 22:00
u1425,dag*******@trashmail.none,56,4,09.11.2022 23:00
u1426,yan*******@mymail.none,23,3,07.04.2022 22:00
u1427,rup*******@retromail.none,60,7,29.12.2022 23:00
u1428,wol*******@goggle-mail.none,29,6,16.12.2022 23:00
u1429,han*******@bestmail.none,56,4,24.09.2022 22:00
u1430,f-s*******@open-mail.none,34,8,29.12.2022 23:00
u1431,reg*******@inter-mail.none,92,2,23.09.2022 22:00
u1432,bek*******@xyz.none,87,10,29.12.2022 23:00
u1433,hil*******@web.none,29,5,12.10.2022 22:00
u1434,inb*******@company.none,88,10,14.12.2022 23:00
u1435,yld*******@funmail.none,54,4,14.11.2022 23:00
u1436,car*******@net-mail.none,68,8,27.10.2022 22:00
u1437,ric*******@validmail.none,81,7,07.11.2022 23:00
u1440,alw*******@xyz.none,39,7,27.10.2022 22:00
u1441,hub*******@net-mail.none,51,4,06.08.2022 22:00
u1442,wal*******@goggle-mail.none,55,2,28.12.2022 23:00
u1443,cat*******@goggle-mail.none,69,5,03.12.2022 23:00
u1444,ben*******@spam-mail.none,91,2,16.05.2022 22:00
u1445,hip*******@open-mail.none,22,6,21.10.2022 22:00
u1446,sie*******@net-mail.none,57,5,26.10.2022 22:00
u1447,z.s*******@inter-mail.none,58,5,01.12.2022 23:00
u1448,r.j*******@company.none,79,5,30.11.2022 23:00
u1449,ish*******@funmail.none,57,2,19.08.2022 22:00
u1450,gko*******@xyz.none,36,6,31.10.2022 23:00
u1451,fra*******@mymail.none,24,4,29.12.2022 23:00
u1452,kar*******@trashmail.none,31,4,14.12.2022 23:00
u1453,jos*******@xyz.none,58,2,05.05.2022 22:00
u1454,v_5*******@mymail.none,69,5,02.12.2022 23:00
u1455,ann*******@bestmail.none,52,4,20.11.2022 23:00
u1456,tih*******@email.none,45,4,17.12.2022 23:00
u1457,g-s*******@live-mail.none,92,4,28.12.2022 23:00
u1458,sha*******@goggle-mail.none,93,6,04.12.2022 23:00
u1459,luk*******@validmail.none,38,5,16.12.2022 23:00
u1460,k-i*******@domain.none,63,7,04.12.2022 23:00
u1461,juv*******@funmail.none,30,5,06.09.2022 22:00
u1462,agi*******@hoster.none,58,5,27.11.2022 23:00
u1463,f.1*******@open-mail.none,68,5,02.11.2022 23:00
u1465,bes*******@funmail.none,29,4,28.06.2022 22:00
u1466,dan*******@hoster.none,39,8,06.10.2022 22:00
u1467,leo*******@hoster.none,19,3,10.12.2022 23:00
u1468,ann*******@trashmail.none,92,4,07.10.2022 22:00
u1469,roa*******@ultramail.none,77,4,27.12.2022 23:00
u1470,eza*******@mymail.none,25,8,24.12.2022 23:00
u1471,cav*******@bestmail.none,74,7,05.12.2022 23:00
u1472,ves*******@ultramail.none,27,5,10.12.2022 23:00
u1473,v.b*******@goggle-mail.none,28,3,23.10.2022 22:00
u1474,kar*******@spam-mail.none,24,5,26.09.2022 22:00
u1475,ros*******@hoster.none,85,3,11.12.2022 23:00
u1476,ort*******@open-mail.none,89,5,28.12.2022 23:00
u1477,h.3*******@justmail.none,88,6,20.12.2022 23:00
u1478,fja*******@domain.none,80,10,17.12.2022 23:00
u1479,bir*******@quickmail.none,78,5,04.10.2022 22:00
u1480,kwe*******@web.none,68,2,27.04.2022 22:00
u1481,ark*******@company.none,28,4,24.12.2022 23:00
u1482,f.j*******@mymail.none,81,3,16.12.2022 23:00
u1483,ros*******@spam-mail.none,22,5,13.12.2022 23:00
u1484,elk*******@goggle-mail.none,32,3,18.12.2022 23:00
u1485,csa*******@spam-mail.none,40,1,20.11.2022 23:00
u1486,omb*******@validmail.none,70,2,11.08.2022 22:00
u1487,e_g*******@mymail.none,71,3,03.10.2022 22:00
u1488,ing*******@inter-mail.none,64,6,10.10.2022 22:00
u1489,n_h*******@mymail.none,87,9,14.10.2022 22:00
u1490,abu*******@bestmail.none,36,4,02.11.2022 23:00
u1491,m-e*******@spam-mail.none,93,8,05.11.2022 23:00
u1492,ann*******@web.none,81,4,02.08.2022 22:00
u1493,tra*******@justmail.none,20,10,29.11.2022 23:00
u1494,phi*******@trashmail.none,69,5,19.08.2022 22:00
u1495,cam*******@xyz.none,77,5,21.11.2022 23:00
u1497,fri*******@bestmail.none,63,12,12.12.2022 23:00
u1498,s.j*******@ultramail.none,45,3,23.10.2022 22:00
u1499,a-b*******@spam-mail.none,88,3,04.07.2022 22:00
u1500,kga*******@domain.none,28,7,22.12.2022 23:00
u1501,len*******@company.none,56,4,13.07.2022 22:00
u1502,sfe*******@net-mail.none,83,3,01.08.2022 22:00
u1503,f-j*******@bestmail.none,52,7,28.11.2022 23:00
u1504,the*******@spam-mail.none,43,3,09.10.2022 22:00
u1505,eli*******@anymail.none,44,14,19.09.2022 22:00
u1506,kar*******@private.none,28,4,18.12.2022 23:00
u1507,max*******@email.none,27,9,04.12.2022 23:00
u1508,rut*******@goggle-mail.none,80,5,22.07.2022 22:00
u1509,m_k*******@quickmail.none,30,8,03.12.2022 23:00
u1510,l_d*******@bestmail.none,51,5,16.10.2022 22:00
u1511,h-r*******@bestmail.none,48,9,02.12.2022 23:00
u1512,vit*******@quickmail.none,71,3,17.03.2022 23:00
u1513,kai*******@hoster.none,64,9,11.12.2022 23:00
u1514,hel*******@anymail.none,35,8,07.10.2022 22:00
u1515,k-l*******@private.none,27,4,15.08.2022 22:00
u1516,j-l*******@live-mail.none,21,3,31.10.2022 23:00
u1517,fri*******@anymail.none,37,3,01.09.2022 22:00
u1518,ann*******@domain.none,91,4,11.10.2022 22:00
u1519,h-8*******@validmail.none,43,10,17.12.2022 23:00
u1520,sab*******@net-mail.none,39,7,15.08.2022 22:00
u1521,min*******@hoster.none,73,5,06.12.2022 23:00
u1522,mar*******@xyz.none,93,5,27.12.2022 23:00
u1523,hil*******@goggle-mail.none,22,3,17.09.2022 22:00
u1524,j-b*******@mymail.none,24,7,07.12.2022 23:00
u1525,erm*******@net-mail.none,28,7,21.12.2022 23:00
u1526,l.j*******@net-mail.none,92,6,15.11.2022 23:00
u1527,r-7*******@open-mail.none,50,2,29.10.2022 22:00
u1528,lie*******@private.none,93,5,08.09.2022 22:00
u1529,sab*******@mymail.none,84,7,26.09.2022 22:00
u1530,nik*******@domain.none,93,3,31.10.2022 23:00
u1531,w.7*******@kitty.none,51,1,31.10.2022 23:00
u1532,c-k*******@anymail.none,28,2,22.06.2022 22:00
u1533,e-a*******@ultramail.none,42,5,27.12.2022 23:00
u1534,pat*******@open-mail.none,61,7,25.12.2022 23:00
u1535,e.1*******@retromail.none,30,8,29.12.2022 23:00
u1536,sig*******@anymail.none,38,5,20.07.2022 22:00
u1537,luc*******@funmail.none,81,4,18.12.2022 23:00
u1538,ann*******@mymail.none,64,6,26.10.2022 22:00
u1539,eft*******@bestmail.none,48,7,28.12.2022 23:00
u1541,fro*******@company.none,88,0,
u1542,kla*******@domain.none,22,0,
u1543,cen*******@open-mail.none,32,0,
u1544,g_n*******@mymail.none,56,0,
u1545,e-7*******@kitty.none,44,0,
u1546,edm*******@hoster.none,41,0,
u1547,mic*******@anymail.none,22,0,
u1548,hei*******@open-mail.none,66,0,
u1549,lou*******@quickmail.none,23,0,
u1550,sig*******@validmail.none,90,0,
u1551,hil*******@goggle-mail.none,52,0,
u1552,bes*******@open-mail.none,33,0,
u1553,j.k*******@inter-mail.none,54,0,
